nom,time,tweet,is_retweet,rt_nom
@benoithamon,2017-04-04T23:41:36Z,"Retrouvez-moi demain matin, je serai l'invit√© de la matinale sur @franceculture https://t.co/5rNsqlB9kK",FALSE,NA
@benoithamon,2017-04-04T23:08:58Z,Avec mes soutiens apr√®s le d√©bat. Merci pour la force que vous me donnez. #LeGrandDebat https://t.co/rSEhJWXFTW,FALSE,NA
@benoithamon,2017-04-04T22:42:24Z,"Ils veulent vous d√©sunir, je veux vous rassembler.
Seul on va plus vite mais ensemble on ira plus loin #HamonElysee https://t.co/OH9Cj0zaND",FALSE,NA
@benoithamon,2017-04-04T22:37:18Z,"Beaucoup de candidats ne cherchent √† retenir que ce qui vous isole, ce qui vous divise. Moi je veux vous rassembler‚Ä¶ https://t.co/6oZe2UcJdz",FALSE,NA
@benoithamon,2017-04-04T22:33:29Z,"Vous √™tes la France avec toutes vos diff√©rences, vous incarnez le plus beau visage de la R√©publique: c'est elle qui‚Ä¶ https://t.co/tfjkP5J6z6",FALSE,NA
@benoithamon,2017-04-04T22:33:01Z,"J'aime la fonction publique, c'est pour cela que je veux la soutenir #HamonElysee https://t.co/NM2Swwrz42",FALSE,NA
@benoithamon,2017-04-04T22:06:16Z,Ce sont √† ceux qui nous prot√®gent et nous soignent que vous demandez avec arrogance des sacrifices suppl√©mentaires‚Ä¶ https://t.co/9GLPbkZW6X,FALSE,NA
@benoithamon,2017-04-04T22:00:29Z,Ce sont les fonctionnaires qui ont tenu le pays pendant la crise : nous leur devons de recr√©er des postes et de rev‚Ä¶ https://t.co/6NkbxCqbIT,FALSE,NA
@benoithamon,2017-04-04T21:57:49Z,"Vous M. Fillon, vous voulez laisser vieillir nos parents dans l'indignit√©. Moi je veux un plan de recrutement dans‚Ä¶ https://t.co/6Ixod77OJd",FALSE,NA
@benoithamon,2017-04-04T21:55:27Z,"J‚Äôaime la fonction publique! Vous M.Fillon vous avez ruin√© le pays. Nommez-les, ces fonctionnaires: ce sont des inf‚Ä¶ https://t.co/qjWZTSbWIE",FALSE,NA
@benoithamon,2017-04-04T21:22:37Z,Le patron de la BNP vient d‚Äôaugmenter sa r√©mun√©ration de 700 000‚Ç¨ et supprime 2000 emplois. Changeons de mod√®le!‚Ä¶ https://t.co/hE74REiEK8,FALSE,NA
@benoithamon,2017-04-04T21:14:52Z,La 5√®me R√©publique est immature par rapport aux exigences d√©mocratiques des Fran√ßais.es. Je propose la 6√®me R√©publi‚Ä¶ https://t.co/nlOBNEX01l,FALSE,NA
@benoithamon,2017-04-04T21:12:26Z,Le sentiment d'impunit√© quand certains responsables politiques agissent sans respect de la loi et sans morale est i‚Ä¶ https://t.co/RboA7szOlI,FALSE,NA
@benoithamon,2017-04-04T21:05:53Z,"Mme Le Pen, cessez de jouer les victimes tout en stigmatisant les immigr√©s : vous n'√™tes pas convaincante‚Ä¶ https://t.co/UvmQSBWNoy",FALSE,NA
@benoithamon,2017-04-04T21:02:01Z,"Je mettrai fin √† l'impunit√© des √©lus, aux conflits d'int√©r√™t car il faut en finir avec les privil√®ges insupportable‚Ä¶ https://t.co/uFEd3IJCID",FALSE,NA
@benoithamon,2017-04-04T21:01:46Z,"Je mettrai fin √† l‚Äôimpunit√© des √©lus, aux conflits d'int√©r√™ts, car il faut en finir avec les privil√®ges insupportab‚Ä¶ https://t.co/bVIcTI9bPc",FALSE,NA
@benoithamon,2017-04-04T20:39:40Z,Je rends accessible le d√©bat retransmis √† ma support-party avec v√©lotypie et langue des signes #LeGrandD√©bat‚Ä¶ https://t.co/Y6zvY45HHF,FALSE,NA
@benoithamon,2017-04-04T20:39:11Z,"Face au terrorisme qui frappe partout, la premi√®re des r√©ponses, c'est un peuple uni ! #HamonElysee #LeGrandDebat https://t.co/DBeheNACbE",FALSE,NA
@benoithamon,2017-04-04T20:36:36Z,"Quand M. M√©lenchon veut sortir de l'Europe et l'euro, je propose un renouveau du projet europ√©en avec le trait√© de‚Ä¶ https://t.co/ISowg2GBPH",FALSE,NA
@benoithamon,2017-04-04T20:35:20Z,"Vous pr√©f√©rez jouer sur les peurs des Fran√ßais Mme Le Pen, car cela vous arrange! #HamonElysee #LeGrandDebat https://t.co/LHpmn2lb88",FALSE,NA
@benoithamon,2017-04-04T20:24:52Z,Je porterai √† 2% du PIB l'effort de notre nation en faveur de notre d√©fense nationale d'ici la fin du quinquennat‚Ä¶ https://t.co/dWzbzXQi1w,FALSE,NA
@benoithamon,2017-04-04T20:23:02Z,"Face au terrorisme qui frappe partout, la premi√®re des r√©ponses c'est un peuple uni. #hamonElysee #LeGrandDebat https://t.co/rAty4DWhH5",FALSE,NA
@benoithamon,2017-04-04T20:01:55Z,"L√† o√π vous mettez tr√®s haut la barre des menaces, je mets tr√®s haut la barre des solutions M. M√©lenchon !‚Ä¶ https://t.co/6RcxmUI4J5",FALSE,NA
@benoithamon,2017-04-04T19:59:54Z,Que se passera-t-il pour les Fran√ßais.es si nous sortons de l‚ÄôEurope? Sans l'Europe c'est la comp√©tition √† tout va‚Ä¶ https://t.co/nxc4qfimKu,FALSE,NA
@benoithamon,2017-04-04T19:46:19Z,"Il faut faire des choix strat√©giques pour notre industrie, c‚Äôest pourquoi je propose une nationalisation temporaire‚Ä¶ https://t.co/aM9l68ZmbY",FALSE,NA
@benoithamon,2017-04-04T19:43:12Z,Il y a ceux qui veulent sortir de l‚ÄôEurope et ceux qui veulent faire le pari de l‚ÄôEurope: c‚Äôest mon cas. Je refuse‚Ä¶ https://t.co/1OJUuOTORp,FALSE,NA
@benoithamon,2017-04-04T19:26:27Z,Je serai le pr√©sident du soutien √† l‚Äôinvestissement des entreprises et de la relance du pouvoir d‚Äôachat‚Ä¶ https://t.co/sLMKmJuPhO,FALSE,NA
@benoithamon,2017-04-04T19:22:30Z,"Le revenu universel d'existence c'est une bouff√©e d'oxyg√®ne, 19 millions de Fran√ßais.es verront leur pouvoir d‚Äôacha‚Ä¶ https://t.co/l92DlZllxP",FALSE,NA
@benoithamon,2017-04-04T19:19:12Z,Je serai un pr√©sident de la R√©publique honn√™te. Je serai un pr√©sident de la R√©publique combattant. #HamonElysee‚Ä¶ https://t.co/eZGiUuCBjM,FALSE,NA
@benoithamon,2017-04-04T19:18:12Z,"Je refuse les solutions qui ont √©chou√©. Payer moins les salari√©s, diminuer leur protection : cela n'a jamais cr√©√© d‚Ä¶ https://t.co/UxKnsfCbh8",FALSE,NA
@benoithamon,2017-04-04T19:13:34Z,Je veux √™tre un pr√©sident de la R√©publique honn√™te. Je veux √™tre un pr√©sident de la R√©publique combattant.‚Ä¶ https://t.co/uqwAS6EYDF,FALSE,NA
@benoithamon,2017-04-04T19:11:23Z,Je cr√©erai 1 million d‚Äôemplois sur le quinquennat.Je lutterai contre la p√©nibilit√© au travail.Je refuse les vieille‚Ä¶ https://t.co/E9HErf3LPl,FALSE,NA
@JLMelenchon,2017-04-04T23:01:02Z,"RT @LyceensInsoumis: ¬´ Il est temps de retrouver le go√ªt du bonheur ¬ª - @JLMelenchon. Le 23 avril et le 7 mai, votez et faites voter pour l‚Ä¶",TRUE,LyceensInsoumis
@JLMelenchon,2017-04-04T22:24:15Z,"Convaincu.e.s ? Rejoignez la France insoumise !
‚û°Ô∏èhttps://t.co/MUtjP1azwN. 
#LeGrandD√©bat https://t.co/PajSKncJb9",FALSE,NA
@JLMelenchon,2017-04-04T22:22:38Z,"RT @CNEWS: #LeGrandD√©bat : la conclusion de @JLMelenchon, candidat de La France Insoumise https://t.co/qfb8pgL3LT",TRUE,CNEWS
@JLMelenchon,2017-04-04T22:22:13Z,Le pays a assez p√¢ti. Il est temps de retrouver le go√ªt du bonheur. #LeGrandDebat https://t.co/u3xG1P6sDU,FALSE,NA
@JLMelenchon,2017-04-04T22:21:46Z,"Il s'agit de changer de pr√©sident, et m√™me de r√©gime, comme je le propose. Mais surtout de commencer les jours heureux. #LeGrandDebat",FALSE,NA
@JLMelenchon,2017-04-04T22:21:03Z,"¬´Libert√©, √âgalit√©, Fraternit√©¬ª, c'est plus qu'une devise : c'est une feuille de route. #LeGrandDebat https://t.co/u3xG1P6sDU",FALSE,NA
@JLMelenchon,2017-04-04T22:20:33Z,La R√©publique est davantage qu'une institution. C'est une fa√ßon d'organiser la vie en soci√©t√©. #LeGrandDebat https://t.co/u3xG1P6sDU,FALSE,NA
@JLMelenchon,2017-04-04T22:19:49Z,Il faut agir pour la paix car il y a une guerre qui vient. #LeGrandDebat https://t.co/u3xG1P6sDU,FALSE,NA
@JLMelenchon,2017-04-04T22:19:21Z,Le CAC40 et la finance ont assez pris. Ils doivent donner. #LeGrandDebat,FALSE,NA
@JLMelenchon,2017-04-04T22:19:02Z,Il est temps que le CAC40 et la finance paient le retour au plein emploi et les augmentations de salaires. #LeGrandDebat,FALSE,NA
@JLMelenchon,2017-04-04T22:17:20Z,Il faut passer √† un mode de production √©cologique. #LeGrandDebat https://t.co/u3xG1P6sDU,FALSE,NA
@JLMelenchon,2017-04-04T22:17:06Z,"Il faut changer la Constitution et d√©finir une nouvelle d√©mocratie, une 6e R√©publique. #LeGrandDebat https://t.co/u3xG1P6sDU",FALSE,NA
@JLMelenchon,2017-04-04T22:16:35Z,"Pour se rassembler, il faut en finir avec l'argent roi qui √©puise les √™tres humains et la nature. #LeGrandDebat https://t.co/u3xG1P6sDU",FALSE,NA
@JLMelenchon,2017-04-04T22:10:46Z,"RT @jlm_2017: Pour aller plus loin, voici comment nous finan√ßons le remboursement √† 100% des soins prescrits. #LeGrandDebat #Debatbfm #JLM2‚Ä¶",TRUE,jlm_2017
@JLMelenchon,2017-04-04T22:10:39Z,"RT @mathenth: Avec @JLMelenchon, nous en finirons avec cette industrie pharmaceutique qui s'enrichit sur la sant√© des fran√ßais. #LeGrandDeb‚Ä¶",TRUE,mathenth
@JLMelenchon,2017-04-04T22:02:58Z,Il faut recruter 60 000 enseignants. #LeGrandDebat https://t.co/u3xG1P6sDU https://t.co/pIikS8rZ89,FALSE,NA
@JLMelenchon,2017-04-04T22:01:41Z,La #BCE doit racheter la dette des √âtats et la transformer en dette perp√©tuelle. #LeGrandDebat https://t.co/UzdXEzTjoI,FALSE,NA
@JLMelenchon,2017-04-04T22:01:05Z,"La dette ne sera pay√©e ni en France, ni en Gr√®ce, ni au Portugal, ni en Espagne. #LeGrandDebat https://t.co/UzdXEzTjoI",FALSE,NA
@JLMelenchon,2017-04-04T22:00:43Z,On ne peut pas dire aux jeunes g√©n√©rations que l'avenir est de payer la dette. #LeGrandDebat https://t.co/UzdXEzTjoI,FALSE,NA
@JLMelenchon,2017-04-04T22:00:14Z,Il faut cr√©er 60 000 postes dans la sant√©. #LeGrandDebat https://t.co/UzdXEzTjoI https://t.co/Cp5qudOqTi,FALSE,NA
@JLMelenchon,2017-04-04T21:59:49Z,Il faut cr√©er des centres de sant√© publics avec des m√©decins fonctionnaires pour en finir avec les d√©serts m√©dicaux‚Ä¶ https://t.co/sEWiTCiSYu,FALSE,NA
@JLMelenchon,2017-04-04T21:59:10Z,"Il faut reconstituer ce qui a √©t√© d√©truit, en particulier dans le domaine de la sant√©. #LeGrandDebat https://t.co/UzdXEzTjoI",FALSE,NA
@JLMelenchon,2017-04-04T21:58:45Z,Nous sommes un peuple particulier. Notre peuple s'est construit autour de l'√âtat et des services publics. #LeGrandDebat,FALSE,NA
@JLMelenchon,2017-04-04T21:57:16Z,RT @jlm_2017: 60% des Fran√ßais n'ont pas de religion ! Fichez-nous la paix avec les religions ! #Laicite #LeGrandDebat #DebatBFM #JLM2017 h‚Ä¶,TRUE,jlm_2017
@JLMelenchon,2017-04-04T21:50:06Z,RT @OuestFrance: #LeGrandDebat #factchecking @JLMelenchon vs @FrancoisFillon https://t.co/EUvFS6kZ4i https://t.co/fb4AET0MKa,TRUE,OuestFrance
@JLMelenchon,2017-04-04T21:26:11Z,La√Øcit√© : les hypocrites. https://t.co/SiqkE5L6TK #LeGrandDebat,FALSE,NA
@JLMelenchon,2017-04-04T21:24:16Z,60% des Fran√ßais n'ont pas de religion ! Fichez-nous la paix avec les religions ! #LeGrandDebat https://t.co/UzdXEzTjoI,FALSE,NA
@JLMelenchon,2017-04-04T21:14:47Z,L'Assembl√©e constituante est le coeur de ma strat√©gie r√©volutionnaire pour une r√©volution citoyenne tranquille et pacifique. #LeGrandDebat,FALSE,NA
@JLMelenchon,2017-04-04T21:13:52Z,Pour en savoir plus sur l'Assembl√©e Constituante. #LeGrandDebat #DebatBFM #6eRepublique https://t.co/pBd9MAHXk6,FALSE,NA
@JLMelenchon,2017-04-04T21:13:36Z,Je propose la mise en place d'un droit de r√©voquer les √©lus √† l'aide d'un r√©f√©rendum r√©vocatoire. #LeGrandDebat https://t.co/UzdXEzTjoI,FALSE,NA
@JLMelenchon,2017-04-04T21:13:04Z,La Constituante que je propose sera compos√©e de gens jamais √©lus auparavant et de personnes tir√©es au sort. #LeGrandDebat,FALSE,NA
@JLMelenchon,2017-04-04T21:12:06Z,Le pays doit se refonder. #LeGrandDebat https://t.co/UzdXEzTjoI,FALSE,NA
@JLMelenchon,2017-04-04T21:09:44Z,RT @ACF_France: #LeGrandDebat Comparez les engagements des candidats sur le d√©veloppement international ‚û°Ô∏è https://t.co/xVLljfj0x8 #APD2017‚Ä¶,TRUE,ACF_France
@JLMelenchon,2017-04-04T20:43:58Z,"RT @OuestFrance: #LeGrandDebat @JLMelenchon sur l'exemplarit√© en politique
https://t.co/EUvFS6kZ4i https://t.co/ma8SJndIlv",TRUE,OuestFrance
@JLMelenchon,2017-04-04T20:43:38Z,"RT @PolitiqueF24: Avec la 6e R√©p., ""le peuple aura le droit de r√©voquer les √©lus, y compris le pr√©sident"" @JLMelenchon https://t.co/e3cnlQl‚Ä¶",TRUE,PolitiqueF24
@JLMelenchon,2017-04-04T20:41:34Z,"RT @CNEWS: .@JLMelenchon contre #Lafarge ""Une d√©cision doit √™tre prise contre ceux qui complotent avec l'ennemi"" #LeGrandD√©bat https://t.co‚Ä¶",TRUE,CNEWS
@JLMelenchon,2017-04-04T20:41:22Z,"RT @BFMTV: #LeGrandDebat ""Le peuple aura le droit de r√©voquer un √©lu en cours de mandat"" dit @JLMelenchon

üì∫https://t.co/LIEhlp6yN7 https:/‚Ä¶",TRUE,BFMTV
@JLMelenchon,2017-04-04T20:41:14Z,"RT @LesEchos: üî¥ #LeGrandDebat - @JLMelenchon : ""Le peuple aura le droit de r√©voquer un √©lu en cours de mandat"" &gt;&gt; https://t.co/v2tzn2LPZ1 h‚Ä¶",TRUE,LesEchos
@JLMelenchon,2017-04-04T20:41:08Z,"RT @Europe1: ""Le peuple aura le droit de r√©voquer un √©lu en cours de mandat"" @JLMelenchon #LeGrandDebat https://t.co/fNmJ8xQfRQ https://t.c‚Ä¶",TRUE,Europe1
@JLMelenchon,2017-04-04T20:40:26Z,Je nommerai un haut commissaire √† la lutte ctre la corruption pr r√©curer les √©curies d'Augias que je soup√ßonne ds notre pays. #LeGrandDebat,FALSE,NA
@JLMelenchon,2017-04-04T20:38:38Z,Il faut que les citoyens puissent r√©voquer les √©lus √† mi-mandat. #LeGrandDebat #6eRepublique #Constituante https://t.co/JCBejKzCxC,FALSE,NA
@JLMelenchon,2017-04-04T20:38:16Z,Il faut rendre in√©ligibles √† vie les √©lus condamn√©s pour corruption ou dans des affaires fiscales. #LeGrandDebat https://t.co/UzdXEzTjoI,FALSE,NA
@JLMelenchon,2017-04-04T20:37:31Z,"Il faut que les citoyens puissent r√©voquer les √©lus en cours de mandat, f√ªt-ce le pr√©sident. #LeGrandDebat https://t.co/UzdXEzTjoI",FALSE,NA
@JLMelenchon,2017-04-04T20:36:52Z,Je compte tout remettre √† plat avec une assembl√©e constituante. #LeGrandDebat https://t.co/UzdXEzTjoI,FALSE,NA
@JLMelenchon,2017-04-04T20:36:23Z,"RT @OuestFrance: #LeGrandDebat @JLMelenchon sur le terrorisme et la s√©curit√©
https://t.co/EUvFS6kZ4i https://t.co/m30HzEbQca",TRUE,OuestFrance
@JLMelenchon,2017-04-04T20:35:47Z,Il faut s'occuper du malheureux lyc√©e Charles de Gaulle √† Damas que nos compatriotes s'efforcent de faire vivre admirablement. #LeGrandDebat,FALSE,NA
@JLMelenchon,2017-04-04T20:31:51Z,"RT @RTLFrance: M√©lenchon pointe l'oubli de la ""puissance de la France"" dans #LeGrandDebat &gt; https://t.co/EFE793LRqC https://t.co/XOB8xBXTYM",TRUE,RTLFrance
@JLMelenchon,2017-04-04T20:29:47Z,Pour aller plus loin sur les questions li√©es au #terrorisme et √† la #s√©curit√© : https://t.co/TUBjhonwaW. #LeGrandDebat,FALSE,NA
@JLMelenchon,2017-04-04T20:28:21Z,Pour aller plus loin sur les questions de g√©opolitique et de d√©fense : https://t.co/eWmXnfILsU #LeGrandDebat,FALSE,NA
@JLMelenchon,2017-04-04T20:26:08Z,RT @Anissa2403: Wouah brillante intervention de #Melenchon sur le terrorisme et sur les questions g√©opolitiques #LeGrandDebat #JLM2017,TRUE,Anissa2403
@JLMelenchon,2017-04-04T20:25:44Z,RT @jlm_2017: Voici le livret rassemblant nos propositions en terme de #S√©curit√©. Retour √† la raison ! #LeGrandDebat #Melenchon https://t.c‚Ä¶,TRUE,jlm_2017
@JLMelenchon,2017-04-04T20:25:15Z,"RT @jlm_2017: Lafarge doit √™tre condamn√© de mani√®re exemplaire, on ne pactise pas avec l'ennemi ! https://t.co/fKUa9ctonf #JLM2017 #LeGrand‚Ä¶",TRUE,jlm_2017
@JLMelenchon,2017-04-04T20:24:36Z,"La strat√©gie d'abord, l'argent apr√®s : c'est comme √ßa qu'on r√©fl√©chit en mati√®re militaire. #LeGrandDebat https://t.co/27YyjuunAL",FALSE,NA
@JLMelenchon,2017-04-04T20:23:54Z,Il faut sortir de l'√âtat d'urgence permanent. #LeGrandDebat https://t.co/27YyjuunAL,FALSE,NA
@JLMelenchon,2017-04-04T20:23:17Z,Il faut punir les complices du terrorisme. #Lafarge a collabor√© avec #Daech. Elle doit √™tre r√©quisitionn√©e ou confisqu√©e. #LeGrandDebat,FALSE,NA
@JLMelenchon,2017-04-04T20:21:41Z,Il ne faut pas donner l'avantage aux terroristes en les laissant nous diviser. #LeGrandDebat https://t.co/27YyjuunAL,FALSE,NA
@JLMelenchon,2017-04-04T20:21:08Z,"Pour lutter contre le #terrorisme, il faut mettre les moyens dans le renseignement humain. #LeGrandDebat https://t.co/27YyjuunAL",FALSE,NA
@JLMelenchon,2017-04-04T20:20:42Z,"Dans le terrorisme, il faut faire preuve de discernement. La vraie question est l'acc√®s aux mati√®res premi√®res. #LeGrandDebat",FALSE,NA
@JLMelenchon,2017-04-04T20:20:08Z,"La r√©solution adopt√©e par l'#ONU, dans laquelle je me retrouve, dit que c'est au Syrien de d√©cider de l'avenir de leur pays. #LeGrandDebat",FALSE,NA
@JLMelenchon,2017-04-04T20:15:53Z,Sur les questions de g√©opolitique et de d√©fense : https://t.co/eWmXnfILsU. #LeGrandDebat,FALSE,NA
@JLMelenchon,2017-04-04T20:14:16Z,Sur le #terrorisme et la s√©curit√© pour aller plus loin que la minute autoris√©e : https://t.co/TUBjhonwaW. #LeGrandDebat,FALSE,NA
@JLMelenchon,2017-04-04T20:09:02Z,"Sur les question de #S√©curit√©, retrouvez notre livret : https://t.co/PEdQOGU8CV. #LeGrandDebat",FALSE,NA
@JLMelenchon,2017-04-04T20:01:26Z,RT @g1bonQ: IL L'A FAIT https://t.co/Gk4wzsfLFV,TRUE,g1bonQ
@JLMelenchon,2017-04-04T19:58:54Z,Je ne connais pas d'autre mani√®re de d√©cider que la d√©mocratie. #LeGrandDebat https://t.co/UzdXEzTjoI,FALSE,NA
@JLMelenchon,2017-04-04T19:57:52Z,"Je veux formuler une proposition europ√©enne, n√©gocier, et pr√©senter le r√©sultat de la n√©gociation au r√©f√©rendum des Fran√ßais. #LeGrandDebat",FALSE,NA
@JLMelenchon,2017-04-04T19:56:53Z,"La question centrale, c'est la puissance de la France. Nous repr√©sentons 18% de l'√©conomie europ√©enne. #LeGrandDebat https://t.co/UzdXEzTjoI",FALSE,NA
@JLMelenchon,2017-04-04T19:46:28Z,RT @LiseMaillard: .@JLMelenchon est le seul √† parler du #CETA en plus des trait√©s europ√©ens ! Merci ! Il faut informer. #LeGrandDebat #Mele‚Ä¶,TRUE,LiseMaillard
@JLMelenchon,2017-04-04T19:44:57Z,"RT @gilles_dordor: #M√©lenchon le meilleur du #LeGrandDebat sans aucun doute , le plus clair et juste !",TRUE,gilles_dordor
@JLMelenchon,2017-04-04T19:39:29Z,RT @FabSintes: Il a raison. https://t.co/HCXIOzvbFo,TRUE,FabSintes
@JLMelenchon,2017-04-04T19:39:18Z,RT @Sylvqin: üíù https://t.co/ZmjCXXDBOq,TRUE,Sylvqin
@JLMelenchon,2017-04-04T19:38:13Z,RT @CNEWS: .@JLMelenchon reprend @MLP_officiel sur la question des travailleurs d√©tach√©s #LeGrandD√©bat https://t.co/Y00eWTK557,TRUE,CNEWS
@JLMelenchon,2017-04-04T19:35:24Z,"RT @jlm_2017: Ce n'est pas l'id√©e europ√©enne que nous mettons en cause, ce sont les trait√©s actuels ! #JLM2017 @JLMelenchon #LeGrandDebat h‚Ä¶",TRUE,jlm_2017
@JLMelenchon,2017-04-04T19:35:04Z,RT @maxn002: #Melenchon est de nouveau le candidat le plus convaincant #LeGrandDebat #JLM2017,TRUE,maxn002
@JLMelenchon,2017-04-04T19:34:39Z,"RT @BFMTV: EN DIRECT - #LeGrandDebat: ""Il faut sortir des trait√©s europ√©ens"", mart√®le @JLMelenchon https://t.co/RW0RgDPD3Y https://t.co/ZCY‚Ä¶",TRUE,BFMTV
@JLMelenchon,2017-04-04T19:29:30Z,Il va y avoir le #CETA et le #TAFTA. J'y suis oppos√©. #LeGrandDebat https://t.co/UzdXEzTjoI,FALSE,NA
@JLMelenchon,2017-04-04T19:29:08Z,"Moi, je crois √† la puissance de la France. Il faut sortir des trait√©s europ√©ens. #LeGrandDebat https://t.co/UzdXEzTjoI",FALSE,NA
@JLMelenchon,2017-04-04T19:28:24Z,L'harmonisation sociale est interdite dans les trait√©s europ√©ens. #LeGrandDebat https://t.co/UzdXEzTjoI,FALSE,NA
@JLMelenchon,2017-04-04T19:27:45Z,L'organisation de l'#Europe favorise l'exploitation. #LeGrandDebat https://t.co/UzdXEzTjoI,FALSE,NA
@JLMelenchon,2017-04-04T19:24:21Z,RT @jlm_2017: Le statut des travailleurs d√©tach√©s sera interdit en France d√®s mon √©lection. @JLMelenchon #LeGrandDebat #JLM2017 https://t.c‚Ä¶,TRUE,jlm_2017
@JLMelenchon,2017-04-04T19:24:13Z,RT @pierreh_paulet: #LeGrandDebat Sur la premi√®re demi-heure. #M√©lenchon qui s'impose d√©j√† d'autorit√©. Sur la forme ET sur le fond.,TRUE,pierreh_paulet
@JLMelenchon,2017-04-04T19:20:07Z,Le statut de travailleur d√©tach√© sera interdit en France d√®s mon √©lection. #LeGrandDebat https://t.co/UzdXEzTjoI https://t.co/JeyjcotXzr,FALSE,NA
@JLMelenchon,2017-04-04T19:18:09Z,10% des travailleurs d√©tach√©s en France sont Fran√ßais. #LeGrandDebat https://t.co/UzdXEzTjoI,FALSE,NA
@JLMelenchon,2017-04-04T19:17:23Z,"Oui mais on parlait de celui de la finance, pas de celui des abonn√©s üòâ. 
‚û°Ô∏è https://t.co/J9op3zK0rY https://t.co/XzkODxyuiJ",FALSE,NA
@JLMelenchon,2017-04-04T19:14:04Z,Je suis le seul √† avoir vot√© contre la directive travailleurs d√©tach√©s au Parlement euro. @MLP_officiel s'est abstenue en 2014.#LeGrandDebat,FALSE,NA
@JLMelenchon,2017-04-04T19:07:44Z,RT @jlm_2017: Nous r√©duirons les in√©galit√©s et combattrons la mis√®re en augmentant les salaires ! @JLMelenchon #LeGrandDebat #JLM2017 https‚Ä¶,TRUE,jlm_2017
@JLMelenchon,2017-04-04T19:07:37Z,RT @jlm_2017: Je veux mettre fin aux turpitudes de la monarchie pr√©sidentielle avec la 6e R√©publique. #LeGrandDebat @JLMelenchon #JLM2017 h‚Ä¶,TRUE,jlm_2017
@JLMelenchon,2017-04-04T19:07:19Z,RT @ChabrierM: En un peu plus d‚Äôune minute #M√©lenchon prononce un discours qui regroupe les principaux enjeux de notre soci√©t√© vers un aven‚Ä¶,TRUE,ChabrierM
@JLMelenchon,2017-04-04T19:07:11Z,RT @jlm_2017: Nous sortirons des trait√©s europ√©ens actuel qui sont nocifs pour les peuples et nous m√®nent droit dans le mur. #LeGrandDebat‚Ä¶,TRUE,jlm_2017
@JLMelenchon,2017-04-04T19:07:00Z,RT @FCPG12: #Melenchon est v√©ritablement le sage de cette √©lection.,TRUE,FCPG12
@JLMelenchon,2017-04-04T19:06:48Z,RT @jlm_2017: Il faut augmenter les salaires pour relancer l'activit√©. @JLMelenchon #LeGrandDebat https://t.co/JSKejdocCp,TRUE,jlm_2017
@JLMelenchon,2017-04-04T19:06:37Z,RT @jlm_2017: Il faut partager le temps de travail : dans la semaine avec les 35h ; dans la vie avec la retraite √† 60 ans avec 40 annuit√©s.‚Ä¶,TRUE,jlm_2017
@JLMelenchon,2017-04-04T19:05:25Z,RT @Benoitdx9: √áa y est @JLMelenchon commence üòÜ,TRUE,Benoitdx9
@JLMelenchon,2017-04-04T19:02:31Z,J'abolirai la loi #ElKhomri. #LeGrandDebat https://t.co/UzdXEzTjoI,FALSE,NA
@JLMelenchon,2017-04-04T19:02:06Z,Il faut partager le temps de travail : dans la semaine avec les 35h ; dans la vie avec la retraite √† 60 ans avec 40 annuit√©s. #LeGrandDebat,FALSE,NA
@JLMelenchon,2017-04-04T19:01:13Z,Il faut augmenter les salaires pour relancer l'activit√©. #LeGrandDebat https://t.co/UzdXEzTjoI,FALSE,NA
@JLMelenchon,2017-04-04T19:00:53Z,Il faut faire la transition √©cologique car l'agriculture productiviste nous tue. #LeGrandDebat https://t.co/UzdXEzTjoI,FALSE,NA
@JLMelenchon,2017-04-04T19:00:09Z,"Il n'est pas question d'avoir un code du travail par entreprise, pas plus qu'un code de la route par rue. #LeGrandDebat",FALSE,NA
@JLMelenchon,2017-04-04T18:59:41Z,Il faut r√©tablir l'ordre social public dans notre pays. #LeGrandDebat https://t.co/UzdXEzTjoI,FALSE,NA
@JLMelenchon,2017-04-04T18:58:07Z,J'ai l'Histoire de notre peuple en t√™te. Je suis pr√™t √† gouverner. #LeGrandDebat https://t.co/UzdXEzTjoI,FALSE,NA
@JLMelenchon,2017-04-04T18:57:14Z,Notre programme est complet et chiffr√©. #LeGrandDebat https://t.co/fMZv4I3PFx,FALSE,NA
@JLMelenchon,2017-04-04T18:56:31Z,"Nous agirons de toutes nos forces pour la paix, car la guerre menace. #LeGrandDebat https://t.co/UzdXEzTjoI",FALSE,NA
@JLMelenchon,2017-04-04T18:55:54Z,Je veux abolir les trait√©s europ√©ens et faire du neuf. #LeGrandDebat https://t.co/UzdXEzTjoI,FALSE,NA
@JLMelenchon,2017-04-04T18:55:34Z,"L'#Europe reste une grande id√©e, mais les trait√©s qui l'organisent sont une calamit√©. #LeGrandDebat https://t.co/UzdXEzTjoI",FALSE,NA
@JLMelenchon,2017-04-04T18:54:20Z,"Pour moi, √©cologiste, le travail humain doit se mettre en harmonie avec la nature et les animaux. #LeGrandDebat https://t.co/UzdXEzTjoI",FALSE,NA
@JLMelenchon,2017-04-04T18:53:23Z,On ne peut pas vivre heureux dans un oc√©an de malheur : 2000 personnes meurent chaque ann√©e dans la rue. #LeGrandDebat,FALSE,NA
@JLMelenchon,2017-04-04T18:52:22Z,Je veux mettre fin aux turpitudes de la monarchie pr√©sidentielle. #LeGrandDebat https://t.co/UzdXEzTjoI,FALSE,NA
@JLMelenchon,2017-04-04T18:52:02Z,Je n'ai pas de plan de carri√®re. Je sers un combat. #LeGrandDebat https://t.co/UzdXEzTjoI,FALSE,NA
@JLMelenchon,2017-04-04T18:51:48Z,J'ai consacr√© ma vie √† une cause : celle du peuple et de la r√©publique jusqu'au bout. #LeGrandDebat https://t.co/UzdXEzTjoI,FALSE,NA
@JLMelenchon,2017-04-04T18:46:31Z,"RT @jlm_2017: Suivez notre live du Grand D√©bat Pr√©sidentiel, et commentez sur #LeGrandDebat https://t.co/2SCniCBTBa #JLM2017 #FranceInsoumi‚Ä¶",TRUE,jlm_2017
@JLMelenchon,2017-04-04T18:42:08Z,C'est parti pour #LeGrandDebat sur #CNews et #BFMTV ! Suivez l'#Obsinsoumis sur : https://t.co/UzdXEzTjoI https://t.co/8Ag5k1jmxh,FALSE,NA
@JLMelenchon,2017-04-04T18:07:05Z,"Ce soir, suivez notre #Obsinsoumis sur #LeGrandDebat : https://t.co/u3xG1P6sDU",FALSE,NA
@EmmanuelMacron,2017-04-04T22:45:13Z,"Je veux porter un projet d‚Äô√©mancipation, un projet qui vous redonnera la fiert√© d‚Äô√™tre Fran√ßais. #Macron2017‚Ä¶ https://t.co/lQP9JnsjO3",FALSE,NA
@EmmanuelMacron,2017-04-04T22:44:52Z,La France d‚Äôoutre-mer vit dans une situation souvent difficile car l‚Äô√©galit√© des chances n‚Äôest pas au rendez-vous. #Macron2017 #LeGrandD√©bat,FALSE,NA
@EmmanuelMacron,2017-04-04T22:43:45Z,Je veux prot√©ger ceux qui vivent dans des territoires o√π les conditions d‚Äôacc√®s ne sont pas les m√™mes. #Macron2017 #LeGrandD√©bat,FALSE,NA
@EmmanuelMacron,2017-04-04T22:43:20Z,Je veux prot√©ger ceux qui vivent en situation de handicap - et nous en avons peu parl√© ce soir. #Macron2017 #LeGrandD√©bat,FALSE,NA
@EmmanuelMacron,2017-04-04T22:42:56Z,"Je veux faire l‚Äôalternance de l‚Äôefficacit√©, en rassemblant, en renouvelant, en lib√©rant, en prot√©geant. #Macron2017 #LeGrandD√©bat",FALSE,NA
@EmmanuelMacron,2017-04-04T22:28:48Z,Je supprimerai la taxe d‚Äôhabitation pour 80% des Fran√ßais. #Macron2017 #LeGrandD√©bat https://t.co/m93MTCrIDI,FALSE,NA
@EmmanuelMacron,2017-04-04T22:25:11Z,"Pr√©server des emplois publics en mati√®re de sant√©, doubler les maisons pluridisciplinaires de sant√©. #Macron2017‚Ä¶ https://t.co/OpOfLiaoFl",FALSE,NA
@EmmanuelMacron,2017-04-04T22:21:23Z,"Ramener le nombre d'√©l√®ves √† 12 par classe, en CP et CE1 en zones REP et REP+. #Macron2017 #LeGrandD√©bat https://t.co/ZFPxlniXD5",FALSE,NA
@EmmanuelMacron,2017-04-04T21:37:31Z,"Si on veut √™tre efficace, il faut faire moins de lois. Nous devons instaurer un temps d‚Äô√©valuation des lois.‚Ä¶ https://t.co/QAbl2Szk5l",FALSE,NA
@EmmanuelMacron,2017-04-04T21:35:08Z,Je souhaite un Parlement avec moins de membres : un tiers de moins. #Macron2017 #LeGrandD√©bat,FALSE,NA
@EmmanuelMacron,2017-04-04T21:33:05Z,Je souhaite une Assembl√©e plus repr√©sentative et plus efficace. #Macron2017 #LeGrandD√©bat,FALSE,NA
@EmmanuelMacron,2017-04-04T21:31:29Z,La moiti√© des investitures donn√©es par En Marche seront donn√©es √† des personnes qui viennent de la soci√©t√© civile.‚Ä¶ https://t.co/T7ydzijw4G,FALSE,NA
@EmmanuelMacron,2017-04-04T21:22:42Z,"Je pense qu‚Äôil est bon de limiter dans le temps la fonction parlementaire. 
On a besoin d‚Äôun renouvellement.‚Ä¶ https://t.co/DUFoPLMlws",FALSE,NA
@EmmanuelMacron,2017-04-04T21:13:11Z,Je porterai dans les toutes premi√®res semaines du quinquennat une loi de moralisation de la vie publique.‚Ä¶ https://t.co/OJ5ERkOwD9,FALSE,NA
@EmmanuelMacron,2017-04-04T21:09:23Z,Nous sommes candidats √† la magistrature supr√™me. Commen√ßons par respecter la justice et la pr√©somption d‚Äôinnocence #Macron2017 #LeGrandD√©bat,FALSE,NA
@EmmanuelMacron,2017-04-04T20:32:32Z,La cyberd√©fense sera un axe prioritaire de la lutte contre le terrorisme. #Macron2017 #LeGrandD√©bat https://t.co/fwlVUjrjtK,FALSE,NA
@EmmanuelMacron,2017-04-04T20:29:57Z,"Je souhaite continuer l‚Äôengagement fran√ßais en Syrie, en Irak. #Macron2017 #LeGrandD√©bat",FALSE,NA
@EmmanuelMacron,2017-04-04T20:29:04Z,"Sur notre sol, ce seront 10 000 policiers et gendarmes suppl√©mentaires. #Macron2017 #LeGrandD√©bat https://t.co/yIeDC4BL3N",FALSE,NA
@EmmanuelMacron,2017-04-04T20:27:35Z,Le terrorisme islamiste a tu√© nos concitoyens et continue de les menacer. Nous devons renforcer nos forces de l‚Äôordre. #Macron2017,FALSE,NA
@EmmanuelMacron,2017-04-04T20:25:36Z,Je veux √©radiquer la menace terroriste √† son origine. #Macron2017 #LeGrandD√©bat https://t.co/vOA9bQoJBo,FALSE,NA
@EmmanuelMacron,2017-04-04T20:04:43Z,"Madame Le Pen, vous ressortez les mensonges qu'on entendait dans la bouche de votre p√®re. #Macron2017 #LeGrandD√©bat https://t.co/6reUMLyqYm",FALSE,NA
@EmmanuelMacron,2017-04-04T19:55:55Z,La France peut r√©former l'Europe si elle est forte. #Macron2017 #LeGrandD√©bat https://t.co/uDC6ZYulVP,FALSE,NA
@EmmanuelMacron,2017-04-04T19:49:38Z,"Je suis pour r√©former l'Europe, mais avec un dialogue constructif. Avec un rapport de force que nous allons cr√©er. #Macron2017 #LeGrandD√©bat",FALSE,NA
@EmmanuelMacron,2017-04-04T19:46:19Z,J‚Äôai l‚ÄôEurope au c≈ìur : ce projet nous rend plus forts. Mais je n‚Äôai pas l‚ÄôEurope na√Øve. #Macron2017 #LeGrandD√©bat https://t.co/svnEY6M0wq,FALSE,NA
@EmmanuelMacron,2017-04-04T19:38:17Z,Allez expliquer √† 300 000 travailleurs fran√ßais qu‚Äôon ferme leur emploi. #Macron2017 #LeGrandD√©bat https://t.co/1atCx8JpOk,FALSE,NA
@EmmanuelMacron,2017-04-04T19:30:49Z,"Pour le travail, il faut simplifier, investir et former. #Macron2017 #LeGrandD√©bat https://t.co/hu8HPmmKxg",FALSE,NA
@EmmanuelMacron,2017-04-04T19:29:56Z,"√áa suppose d‚Äôinvestir massivement dans des secteurs qui permettront de cr√©er des emplois, tels que le num√©rique. #Macron2017 #LeGrandD√©bat",FALSE,NA
@EmmanuelMacron,2017-04-04T19:29:22Z,Il faut investir et former. Nous ne connaissons pas aujourd‚Äôhui 60% des emplois qui existeront en France en 2030.‚Ä¶ https://t.co/cF1FZ7q4mN,FALSE,NA
@EmmanuelMacron,2017-04-04T19:25:49Z,C'est 1800 ‚Ç¨ de charges en moins par an. Baisser de 6 points de charge un emploi jusqu‚Äô√† 2 SMIC et demi. #Macron2017 #LeGrandD√©bat,FALSE,NA
@EmmanuelMacron,2017-04-04T19:24:45Z,"Si on veut relancer l‚Äôemploi, il faut baisser les charges. Ramener les charges g√©n√©rales √† z√©ro au niveau du SMIC.‚Ä¶ https://t.co/gVOC8JBOvL",FALSE,NA
@EmmanuelMacron,2017-04-04T19:17:30Z,"Simplifier le droit du travail en l‚Äôadaptant, en le renvoyant √† l‚Äôaccord d‚Äôentreprise. #Macron2017 #LeGrandD√©bat https://t.co/uOnCQ6lHi8",FALSE,NA
@EmmanuelMacron,2017-04-04T19:16:06Z,Simplifier la vie des entrepreneurs en supprimant le RSI. #Macron2017 #LeGrandD√©bat https://t.co/2kUQNic8fL,FALSE,NA
@EmmanuelMacron,2017-04-04T19:14:59Z,Les entreprises et les entrepreneurs cr√©ent des emplois. Donc il faut simplifier l'entrepreneuriat. #Macron2017‚Ä¶ https://t.co/uvEh4RiRUp,FALSE,NA
@EmmanuelMacron,2017-04-04T19:14:23Z,"7%, c‚Äôest le taux de ch√¥mage de la France en 2007. C‚Äôest un chiffre atteignable. #Macron2017 #LeGrandD√©bat",FALSE,NA
@EmmanuelMacron,2017-04-04T18:57:11Z,Je vous propose de renouveler notre vie politique avec de nouveaux visages parce que j'ai confiance en notre pays.‚Ä¶ https://t.co/ajK1zKRI1O,FALSE,NA
@EmmanuelMacron,2017-04-04T18:52:19Z,"Je ne crois pas √† la fatalit√©. Ni √† celle de l‚Äôinaction, ni √† celle du tic tac incessant de la droite et la gauche‚Ä¶ https://t.co/aE4CAEL5o0",FALSE,NA
@EmmanuelMacron,2017-04-04T18:33:24Z,"Rendez-vous le 17 avril. Parce que, plus que jamais, c'est notre projet.
https://t.co/CMx8fTCYXq #Macron2017 https://t.co/gMZV5I4hkn",FALSE,NA
@MLP_officiel,2017-04-04T22:54:21Z,"üì£ RT üòâ ! 

#LeGrandD√©bat #Marine2017 #AuNomDuPeuple #AvecMarine https://t.co/YT11HZt2Gu",FALSE,NA
@MLP_officiel,2017-04-04T22:48:25Z,"""Fran√ßais, usez de votre libert√© pour me permettre de remettre la France en ordre, au votre nom !"" #LeGrandD√©bat‚Ä¶ https://t.co/HWXgwV8BHB",FALSE,NA
@MLP_officiel,2017-04-04T22:38:06Z,"""Fran√ßais, usez de cette libert√© pour me permettre de remettre la France en ordre, au votre nom : #AuNomDuPeuple !"" #LeGrandD√©bat",FALSE,NA
@MLP_officiel,2017-04-04T22:37:33Z,"""N'ayez pas peur de la libert√©, je vous en supplie, le peuple fran√ßais est un tr√®s grand peuple."" #LeGrandD√©bat",FALSE,NA
@MLP_officiel,2017-04-04T22:37:15Z,"""Il est possible de s'en sortir. Rien n'a √©t√© tent√©, mais on doit reprendre notre souverainet√© nationale."" #LeGrandD√©bat",FALSE,NA
@MLP_officiel,2017-04-04T22:37:01Z,"""La solidarit√© n'existe pas si elle n'est pas nationale."" #LeGrandD√©bat",FALSE,NA
@MLP_officiel,2017-04-04T22:36:50Z,"""Ce qui est important, c'est ce sentiment d'appartenir √† une Nation et √† une civilisation, qui sont en danger aujourd'hui."" #LeGrandD√©bat",FALSE,NA
@MLP_officiel,2017-04-04T22:36:19Z,"""Les Fran√ßais ont une Nation, une patrie, dont ils sont propri√©taires. Ils forment un seul et m√™me peuple."" #LeGrandD√©bat",FALSE,NA
@MLP_officiel,2017-04-04T21:52:22Z,"""Le service public √† la fran√ßaise nous permet l'√©galit√© entre les citoyens et l'√©galit√© entre les territoires.""‚Ä¶ https://t.co/l7vbctHsIc",FALSE,NA
@MLP_officiel,2017-04-04T21:41:03Z,"""Les services publics participent √† la vitalit√© de la ruralit√©, confront√©e √† une d√©sertification."" #LeGrandD√©bat",FALSE,NA
@MLP_officiel,2017-04-04T21:40:47Z,"""Ce qui nous unit entre nous, c'est avoir une √©cole de qualit√© partout, en m√©tropole comme en outre-mer."" #LeGrandD√©bat",FALSE,NA
@MLP_officiel,2017-04-04T21:40:28Z,"""Ce qui nous unit entre nous, c'est le d√©sir notamment d'√™tre soign√© de la m√™me mani√®re partout o√π on habite."" #LeGrandD√©bat",FALSE,NA
@MLP_officiel,2017-04-04T21:40:01Z,"""Le service public √† la fran√ßaise nous permet l'√©galit√© entre les citoyens et l'√©galit√© entre les territoires."" #LeGrandD√©bat",FALSE,NA
@MLP_officiel,2017-04-04T21:39:45Z,"""Des candidats proposent de r√©duire au maximum la S√©curit√© sociale, pour permettre aux assurances priv√©es de prendre le relai"" #LeGrandD√©bat",FALSE,NA
@MLP_officiel,2017-04-04T21:36:25Z,"""Je veux prot√©ger la culture et l'identit√© des Fran√ßais, leur permettre de le faire."" #LeGrandD√©bat #Marine2017 https://t.co/eUXOoV8rid",FALSE,NA
@MLP_officiel,2017-04-04T21:25:12Z,"""Les cr√®ches de No√´l sont nos traditions M. #M√©lenchon, je sais qu'elles vous horripilent, mais les Fran√ßais y sont attach√©s."" #LeGrandD√©bat",FALSE,NA
@MLP_officiel,2017-04-04T21:24:06Z,"""J'inscrirai dans la Constitution le droit de d√©fendre notre patrimoine historique et culturel."" #LeGrandD√©bat",FALSE,NA
@MLP_officiel,2017-04-04T21:23:23Z,"""Monsieur #Baroin, proche de #Fillon, a combattu la mise en place des cr√®ches de No√´l dans les mairies."" #LeGrandD√©bat",FALSE,NA
@MLP_officiel,2017-04-04T21:22:54Z,"""Je veux prot√©ger la culture et l'identit√© des Fran√ßais, leur permettre de le faire."" #LeGrandD√©bat",FALSE,NA
@MLP_officiel,2017-04-04T21:22:43Z,"""Je veux une grande r√©vision constitutionnelle, avec la proposition d'un r√©f√©rendum d'initiative populaire."" #LeGrandD√©bat",FALSE,NA
@MLP_officiel,2017-04-04T21:22:22Z,"""Je suis tr√®s attach√©e au principe du r√©f√©rendum."" #LeGrandD√©bat",FALSE,NA
@MLP_officiel,2017-04-04T21:05:45Z,"""Je n'ai jamais particip√© √† aucune majorit√©, j'ai toujours √©t√© dans l'opposition. Je suis pers√©cut√©e politiquement.‚Ä¶ https://t.co/1ROiLm98Wh",FALSE,NA
@MLP_officiel,2017-04-04T20:50:10Z,"""Il faut supprimer des √©chelons comme les intercommunalit√©s et les conseils r√©gionaux, extr√™mement d√©pensiers."" #LeGrandD√©bat",FALSE,NA
@MLP_officiel,2017-04-04T20:48:49Z,"""Nos assistants parlementaires ne travaillent pas pour l'UE, mais contre l'UE, et j'en suis ravie."" #LeGrandD√©bat",FALSE,NA
@MLP_officiel,2017-04-04T20:48:18Z,"""Je n'ai jamais particip√© √† aucune majorit√©, j'ai toujours √©t√© dans l'opposition. Je suis pers√©cut√©e politiquement."" #LeGrandD√©bat",FALSE,NA
@MLP_officiel,2017-04-04T20:42:30Z,"""Pourquoi, M. #Fillon, avoir fait une convention avec le #Qatar pour les exon√©rer d'imp√¥ts sur les plus-values immo‚Ä¶ https://t.co/RdIltzVaav",FALSE,NA
@MLP_officiel,2017-04-04T20:37:07Z,"""Il faut d'abord retrouver nos fronti√®res nationales et les ma√Ætriser pour savoir qui entre sur notre pays et qui e‚Ä¶ https://t.co/mS9x7W8Bvx",FALSE,NA
@MLP_officiel,2017-04-04T20:26:26Z,"""Les armes des fondamentalismes islamistes que nos militaires combattent sont achet√©es avec les trafics de #migrants."" #LeGrandD√©bat",FALSE,NA
@MLP_officiel,2017-04-04T20:25:55Z,"""Les collectivit√©s continuent √† financer des associations islamistes, il y a des mosqu√©es radicales qui n'ont pas √©t√© ferm√©es"" #LeGrandD√©bat",FALSE,NA
@MLP_officiel,2017-04-04T20:25:27Z,"""#Fillon a supprim√© plus de 50000 militaires ! Son gouvernement a mis au pouvoir les islamistes en Libye !"" #LeGrandD√©bat",FALSE,NA
@MLP_officiel,2017-04-04T20:24:26Z,"""Il faut retrouver 15 000 #policiers et gendarmes suppl√©mentaires. M. #Fillon a supprim√© 12 500 postes de policiers."" #LeGrandD√©bat",FALSE,NA
@MLP_officiel,2017-04-04T20:23:46Z,"""Un nombre important de terroristes se sont gliss√©s dans les flux de #migrants."" #LeGrandD√©bat",FALSE,NA
@MLP_officiel,2017-04-04T20:23:30Z,"""Il faut d'abord retrouver nos fronti√®res nationales et les ma√Ætriser pour savoir qui entre sur notre pays et qui en sort."" #LeGrandD√©bat",FALSE,NA
@MLP_officiel,2017-04-04T19:49:19Z,"""La France est un grand pays, et les autres pays qui souffrent de l'euro et de l'ouverture des fronti√®res seront avec elle."" #LeGrandD√©bat",FALSE,NA
@MLP_officiel,2017-04-04T19:48:58Z,"""Je veux que ce soient les Fran√ßais qui d√©cident en mati√®re de sortie de l'Union europ√©enne."" #LeGrandD√©bat",FALSE,NA
@MLP_officiel,2017-04-04T19:42:10Z,"""Je veux que nous retrouvions des armes dans la mondialisation, comme l'ensemble des grandes nations du monde.""‚Ä¶ https://t.co/Ky5BbuhPOg",FALSE,NA
@MLP_officiel,2017-04-04T19:34:34Z,"""Je veux que nous retrouvions des armes dans la mondialisation, comme l'ensemble des grandes nations du monde."" #LeGrandD√©bat",FALSE,NA
@MLP_officiel,2017-04-04T19:33:58Z,"""Nous avons le droit de nous prot√©ger. Les accords de libre-√©change CETA/TAFTA d√©fendus par Fillon et Macron vont nous tuer."" #LeGrandD√©bat",FALSE,NA
@MLP_officiel,2017-04-04T19:33:29Z,"""Sans protectionnisme intelligent, nous allons voir les emplois √™tre d√©truits les uns apr√®s les autres."" #LeGrandD√©bat",FALSE,NA
@MLP_officiel,2017-04-04T19:33:14Z,"""Nos agriculteurs ne peuvent pas faire face √† la concurrence d√©loyale, allez un peu leur parler M. #Macron !"" #LeGrandD√©bat",FALSE,NA
@MLP_officiel,2017-04-04T19:32:54Z,"""La Suisse a des droits de douane agricoles de 55%, la Cor√©e du Sud de 41%, et leur agriculture va mieux que la n√¥tre."" #LeGrandD√©bat",FALSE,NA
@MLP_officiel,2017-04-04T19:32:34Z,"""Tous les pays prot√®gent leur march√© int√©rieur, quand c'est leurs int√©r√™ts."" #LeGrandD√©bat",FALSE,NA
@MLP_officiel,2017-04-04T19:28:11Z,"""L'Etat doit mettre en oeuvre un contexte favorable aux entreprises, pas un Etat qui les √©crase de normes, de fisca‚Ä¶ https://t.co/0BahsdDx8G",FALSE,NA
@MLP_officiel,2017-04-04T19:19:06Z,"""Je veux mettre en place un protectionnisme intelligent face √† la concurrence d√©loyale."" #LeGrandD√©bat",FALSE,NA
@MLP_officiel,2017-04-04T19:18:45Z,"""Je trouve cette directive d√©tachement des travailleurs injuste, elle cr√©e une priorit√© √©trang√®re √† l'emploi."" #LeGrandD√©bat",FALSE,NA
@MLP_officiel,2017-04-04T19:17:38Z,"""Je veux du patriotisme √©conomique, un avantage dans la commande publique pour nos industries, notre #agriculture."" #LeGrandD√©bat",FALSE,NA
@MLP_officiel,2017-04-04T19:17:19Z,"""Je veux r√©orienter les baisses de charges du CICE vers les TPE/PME, avec une attention aussi pour les ETI."" #LeGrandD√©bat",FALSE,NA
@MLP_officiel,2017-04-04T19:16:48Z,"""Le RSI, mis en place par la droite, a tu√© des milliers d'ind√©pendants."" #LeGrandD√©bat",FALSE,NA
@MLP_officiel,2017-04-04T19:16:31Z,"""L'Etat doit mettre en oeuvre un contexte favorable aux entreprises, pas un Etat qui les √©crase de normes, de fiscalit√©."" #LeGrandD√©bat",FALSE,NA
@MLP_officiel,2017-04-04T19:16:14Z,"""La priorit√© nationale √† l'emploi passera par une taxe sur les contrats futurs des √©trangers."" #LeGrandD√©bat",FALSE,NA
@MLP_officiel,2017-04-04T18:53:21Z,"""Je suis une Fran√ßaise, je suis une m√®re de famille et je suis candidate √† la pr√©sidentielle."" #LeGrandD√©bat‚Ä¶ https://t.co/sbX032gDSQ",FALSE,NA
@MLP_officiel,2017-04-04T18:47:41Z,"""Je ne suis ni dans le flou, ni dans le mensonge. J'ai un projet coh√©rent pour remettre la France en ordre."" #LeGrandD√©bat",FALSE,NA
@MLP_officiel,2017-04-04T18:47:22Z,"""Je veux rendre la parole au peuple, je veux que l'argent des Fran√ßais revienne aux Fran√ßais."" #LeGrandD√©bat",FALSE,NA
@MLP_officiel,2017-04-04T18:47:06Z,"""Notre pays est livr√© √† la contestation de nos valeurs fondamentales, √† la contestation de notre identit√© nationale."" #LeGrandD√©bat",FALSE,NA
@MLP_officiel,2017-04-04T18:46:47Z,"""Cette √©lection porte un enjeu de civilisation. Notre pays, la France, est livr√© √† l'ins√©curit√© galopante, au d√©sordre."" #LeGrandD√©bat",FALSE,NA
@MLP_officiel,2017-04-04T18:46:29Z,"""Je suis une Fran√ßaise, je suis une m√®re de famille et je suis candidate √† la pr√©sidentielle."" #LeGrandD√©bat",FALSE,NA
@FrancoisFillon,2017-04-04T22:27:13Z,"Si les Fran√ßais ne veulent pas du chaos des extr√©mistes ni de la continuit√© de la politique Hollande, je leur deman‚Ä¶ https://t.co/0w1Osq2niG",FALSE,NA
@FrancoisFillon,2017-04-04T22:25:32Z,Je suis aujourd'hui le seul candidat qui propose l'alternance et qui peut la mettre en ≈ìuvre avec une vraie majorit√©. #LeGrandD√©bat,FALSE,NA
@FrancoisFillon,2017-04-04T22:24:45Z,"On a besoin de rendre aux Fran√ßais leur fiert√©, de leur donner un travail et de les prot√©ger. #LeGrandD√©bat",FALSE,NA
@FrancoisFillon,2017-04-04T21:54:07Z,"L'administration a besoin d'√™tre modernis√©e. Ce ne sont pas les hommes et les femmes qui sont en cause, mais l'empilement des structures.",FALSE,NA
@FrancoisFillon,2017-04-04T21:50:34Z,Il est 23h43 et on n'a toujours pas abord√© une question qui est pourtant fondamentale : 2.200 milliards d'euros de‚Ä¶ https://t.co/Ng3S5q1GL2,FALSE,NA
@FrancoisFillon,2017-04-04T21:26:24Z,"Je veux un gouvernement resserr√©, paritaire, avec des ministres qui ont une feuille de route extr√™mement pr√©cise et‚Ä¶ https://t.co/urHstRXTaN",FALSE,NA
@FrancoisFillon,2017-04-04T21:24:02Z,L'urgence aujourd'hui c'est le redressement √©conomique et social ; c'est de donner un emploi √† tous les Fran√ßais. #LeGrandD√©bat,FALSE,NA
@FrancoisFillon,2017-04-04T21:11:12Z,"Un Pr√©sident exemplaire, c'est un Pr√©sident qui ne se sert pas des moyens de l'√âtat pour affaiblir ses adversaires.‚Ä¶ https://t.co/AsdK6tIpfi",FALSE,NA
@FrancoisFillon,2017-04-04T21:09:59Z,"Un Pr√©sident exemplaire, c'est un Pr√©sident qui, au bout de cinq ans, peut dire qu'il a am√©lior√© la situation et la vie des Fran√ßais.",FALSE,NA
@FrancoisFillon,2017-04-04T21:07:19Z,"Un Pr√©sident exemplaire, c'est un Pr√©sident qui ne confie pas √† des journalistes des secrets D√©fense. #LeGrandD√©bat",FALSE,NA
@FrancoisFillon,2017-04-04T21:05:10Z,"Un Pr√©sident exemplaire est un Pr√©sident qui met en ≈ìuvre les engagements qu‚Äôil a pris devant le peuple, quelles que soient les difficult√©s.",FALSE,NA
@FrancoisFillon,2017-04-04T21:02:43Z,"Un Pr√©sident exemplaire, c'est un Pr√©sident qui dit la v√©rit√© aux Fran√ßais sur la r√©alit√© de la France et la r√©alit√© du monde. #LeGrandD√©bat",FALSE,NA
@FrancoisFillon,2017-04-04T20:40:07Z,"Il faut dissoudre les organisations qui se r√©clament des salafistes ou des Fr√®res musulmans, et qui ont aujourd'hui pignon sur rue.",FALSE,NA
@FrancoisFillon,2017-04-04T20:37:18Z,Je veux que soient jug√©s ceux qui sont coupables d'intelligence avec l'ennemi et que soient expuls√©s les √©trangers repr√©sentant une menace.,FALSE,NA
@FrancoisFillon,2017-04-04T20:35:09Z,Je veux que l'on emp√™che les djihadistes qui sont partis en Syrie de revenir et qu'on leur retire la nationalit√© fran√ßaise. #LeGrandD√©bat,FALSE,NA
@FrancoisFillon,2017-04-04T20:33:16Z,"Il faut une alliance mondiale la plus large possible, incluant la Russie, pour combattre le totalitarisme islamique‚Ä¶ https://t.co/IaTKPq5Kae",FALSE,NA
@FrancoisFillon,2017-04-04T20:03:48Z,La politique √©conomique de Mme Le Pen s'effondra √† la minute o√π les Fran√ßais se seront prononc√©s sur le maintien de‚Ä¶ https://t.co/QKbsaJNhS7,FALSE,NA
@FrancoisFillon,2017-04-04T20:00:24Z,Les travailleurs d√©tach√©s doivent payer des charges √©quivalentes √† celles des travailleurs nationaux. #LeGrandD√©bat https://t.co/2gjQSmtViF,FALSE,NA
@FrancoisFillon,2017-04-04T19:52:20Z,On a besoin que l'Europe laisse tomber des politiques conduites de mani√®re inefficace et se concentre sur des objec‚Ä¶ https://t.co/xyeg445iRG,FALSE,NA
@FrancoisFillon,2017-04-04T19:44:24Z,"La premi√®re fois que j'ai rencontr√© Nicolas Dupont-Aignan, il √©tait le chef de cabinet de Fran√ßois Bayrou. #LeGrandD√©bat",FALSE,NA
@FrancoisFillon,2017-04-04T19:17:52Z,Je r√©formerai en profondeur le RSI et supprimerai toute une s√©rie de normes qui p√®sent sur l'agriculture. #LeGrandD√©bat,FALSE,NA
@FrancoisFillon,2017-04-04T19:16:31Z,Je veux faire de l'alternance la voie principale d'acc√®s √† l'emploi des jeunes et investir dans les nouvelles technologies. #LeGrandD√©bat,FALSE,NA
@FrancoisFillon,2017-04-04T19:13:14Z,Je proposerai de baisser de 40 milliards d'euros les charges et imp√¥ts qui p√®sent sur les entreprises et de lib√©rer l‚Äôinvestissement.,FALSE,NA
@FrancoisFillon,2017-04-04T19:12:10Z,"D√®s l‚Äô√©t√© 2017 je proposerai de lib√©rer le march√© du travail, de r√©nover le code du travail autour des normes sociales fondamentales.",FALSE,NA
@FrancoisFillon,2017-04-04T19:03:35Z,Je propose la libert√©. C‚Äôest de libert√© dont notre √©conomie a besoin. #LeGrandD√©bat https://t.co/lv58JxtbHS,FALSE,NA
@FrancoisFillon,2017-04-04T19:01:28Z,Le taux de ch√¥mage en Allemagne 3.9%. En France il est de 10%. Il est temps de regarder ce que d'autres pays ont fait pour r√©ussir.,FALSE,NA
@FrancoisFillon,2017-04-04T18:58:06Z,"Il faut de la force pour pr√©sider la France. Cette force, je l‚Äôai, et je suis pr√™t √† la mettre au service des Fran√ß‚Ä¶ https://t.co/nCK1d7WObo",FALSE,NA
@UPR_Asselineau,2017-04-04T23:22:24Z,"RT @CH_Gallois: Voici le document que montrait @UPR_Asselineau lors du #LeGrandDebat ainsi que les explications #Frexit #Asselineau 
https:‚Ä¶",TRUE,CH_Gallois
@UPR_Asselineau,2017-04-04T23:12:14Z,Prochains meetings √† #Toulouse le 5 avril et √† #Bordeaux le 6 avril. Inscrivez-vous vite ! https://t.co/fdKr991Sof #LeGrandDebat,FALSE,NA
@UPR_Asselineau,2017-04-04T22:47:36Z,Le document de la Commission euro. sur les Grandes Orientations de Politique √âconomique (GOP√â) est disponible ici üëâ‚Ä¶ https://t.co/92J37n0lm1,FALSE,NA
@UPR_Asselineau,2017-04-04T22:39:36Z,"RT @CNEWS: #LeGrandD√©bat : la conclusion de @UPR_Asselineau, candidat de l'Union Populaire R√©publicaine https://t.co/P0oZdbqfvi",TRUE,CNEWS
@UPR_Asselineau,2017-04-04T22:31:28Z,"RT @RTenfrancais: .@UPR_Asselineau : ""La #France donne chaque ann√©e 23 milliards d'‚Ç¨ √† l'#UE et n'en re√ßoit que 14"" https://t.co/6GBZNAOtOJ‚Ä¶",TRUE,RTenfrancais
@UPR_Asselineau,2017-04-04T22:31:15Z,"RT @BFMTV: #LeGrandDebat ""On va vs dire que sortir de l'UE, √ßa serait l'apocalypse. C'est le contraire"" dit @UPR_Asselineau
üì∫https://t.co/L‚Ä¶",TRUE,BFMTV
@UPR_Asselineau,2017-04-04T22:30:36Z,"RT @RMCinfo: .@PhilippePoutou @benoithamon @dupontaignan ""Je suis le seul qui vous propose la sortie de la France de l'UE, de l'euro et de‚Ä¶",TRUE,RMCinfo
@UPR_Asselineau,2017-04-04T22:20:30Z,Il y a une vie apr√®s l'Union europ√©enne ! #LeGrandDebat https://t.co/8D0K3WKxQ7,FALSE,NA
@UPR_Asselineau,2017-04-04T22:18:15Z,D√©couvrez mon programme pour rendre √† la France sa d√©mocratie. #LeGrandDebat https://t.co/ZROdc8D23K,FALSE,NA
@UPR_Asselineau,2017-04-04T22:04:34Z,"RT @LouisRielFrance: Merci √† Fran√ßois #Asselineau de rappeler l'h√©ritage de nos rois, et de Saint-#Louis, qui a fond√© l'#h√¥pital des Quinze‚Ä¶",TRUE,LouisRielFrance
@UPR_Asselineau,2017-04-04T21:56:41Z,RT @Tchat_FightClub: @UPR_Asselineau En r√©ponse √† Mr @dupontaignan https://t.co/9jRLS818nr,TRUE,Tchat_FightClub
@UPR_Asselineau,2017-04-04T21:52:30Z,RT @RMCinfo: .@EmmanuelMacron @MLP_officiel @PhilippePoutou @UPR_Asselineau @dupontaignan @benoithamon @jeanlassalle @JLMelenchon @Francois‚Ä¶,TRUE,RMCinfo
@UPR_Asselineau,2017-04-04T21:48:31Z,"Je propose une nationalisation totale ou partielle de EDF, GDF, Engie (ex-GDF-Suez), Orange (ex FT)... https://t.co/ykA4nTP5CX #LeGrandDebat",FALSE,NA
@UPR_Asselineau,2017-04-04T21:42:57Z,Le trait√© sur le fonctionnement de l‚ÄôUnion europ√©enne (TFUE) est consultable ici: https://t.co/PPuD9YraD8 #LeGrandDebat,FALSE,NA
@UPR_Asselineau,2017-04-04T21:35:50Z,@T_Peper https://t.co/PPuD9YraD8,FALSE,NA
@UPR_Asselineau,2017-04-04T21:22:39Z,Je propose de redonner le pouvoir au peuple en instaurant le r√©f√©rendum d'initiative populaire #LeGrandDebat https://t.co/lQVFziLF2O,FALSE,NA
@UPR_Asselineau,2017-04-04T21:18:48Z,Pour v√©rifier les comptes des partis politiques : https://t.co/GfFckwts2A #LeGrandDebat,FALSE,NA
@UPR_Asselineau,2017-04-04T20:55:01Z,"Comme disait Charles de Gaulle, ¬´ Le vrai sujet de l‚Äô√©lection pr√©sidentielle, c‚Äôest l‚Äôind√©pendance de la France. ¬ª‚Ä¶ https://t.co/Mwj7CoDk72",FALSE,NA
@UPR_Asselineau,2017-04-04T20:44:57Z,"L'√©mir du Qatar peut acheter des h√¥tels en France ou le PSG, mais l'inverse n'est pas possible #LeGrandDebat‚Ä¶ https://t.co/ovQxbb6At7",FALSE,NA
@UPR_Asselineau,2017-04-04T20:42:45Z,"RT @CNEWS: ""Vous √™tes toujours d'accord avec tout le monde"" @UPR_Asselineau tacle @EmmanuelMacron https://t.co/NHrdqSQOjU",TRUE,CNEWS
@UPR_Asselineau,2017-04-04T20:42:25Z,"Comme dit un proverbe chinois, ""Le poisson pourrit par la t√™te"". #LeGrandDebat #Asselineau2017 https://t.co/oPlDwzVXjg",FALSE,NA
@UPR_Asselineau,2017-04-04T20:40:50Z,RT @RMCinfo: .@EmmanuelMacron @MLP_officiel @PhilippePoutou @UPR_Asselineau @dupontaignan @benoithamon @jeanlassalle @JLMelenchon @Francois‚Ä¶,TRUE,RMCinfo
@UPR_Asselineau,2017-04-04T20:26:59Z,"Voter pour moi,c'est le seul moyen de retrouver notre ind√©pendance politique, √©conomique, sociale, diplomatique et militaire #LeGrandDebat",FALSE,NA
@UPR_Asselineau,2017-04-04T20:22:26Z,"RT @PolitiqueF24: Moment proverbe chinois (au sujet de la modif. des trait√©s europ√©ens): ""C'est dormir toute sa vie que de croire √† ses r√™v‚Ä¶",TRUE,PolitiqueF24
@UPR_Asselineau,2017-04-04T20:21:58Z,Mais que se passe-t-il en France ? D√©couvrez comment ¬´ l‚ÄôEurope ¬ª nous escroque. #LeGrandDebat #Asselineau2017 https://t.co/6ETAwfHCQo,FALSE,NA
@UPR_Asselineau,2017-04-04T20:19:03Z,"RT @BFMTV: #LeGrandDebat Asselineau √† Macron: ""vous √™tes toujours d'accord avec tout le monde""

üì∫https://t.co/LIEhlp6yN7 https://t.co/ogVlR‚Ä¶",TRUE,BFMTV
@UPR_Asselineau,2017-04-04T20:11:27Z,Le #Frexit est indispensable pour retrouver les manettes de notre pays et choisir librement notre avenir collectif.‚Ä¶ https://t.co/u7hyDGj9y1,FALSE,NA
@UPR_Asselineau,2017-04-04T20:01:14Z,"RT @CNEWS: #LeGrandD√©bat : ""C'est dormir toute sa vie que de croire en ses r√™ves"", proverbe chinois cit√© par @UPR_Asselineau https://t.co/4‚Ä¶",TRUE,CNEWS
@UPR_Asselineau,2017-04-04T20:01:09Z,"RT @CNEWS: ""Je suis le seul candidat du #Frexit, c'est √† dire sortir de l'Union Europ√©enne"" @UPR_Asselineau #LeGrandD√©bat https://t.co/ysnV‚Ä¶",TRUE,CNEWS
@UPR_Asselineau,2017-04-04T19:50:03Z,"Pour changer l'Europe, il faut l'unanimit√© des 28 √âtats membres. C'est quasiment impossible. #LeGrandDebat #Asselineau2017",FALSE,NA
@UPR_Asselineau,2017-04-04T19:47:08Z,"Pour changer l'Europe, il faut ren√©gocier 60 ans de compromis. #LeGrandDebat",FALSE,NA
@UPR_Asselineau,2017-04-04T19:36:57Z,RT @LeNouveauMtp: Le candidat @UPR_Asselineau √† la #Presidentielle2017 remplit @le_corum pour son premier meeting √† #Montpellier https://t.‚Ä¶,TRUE,LeNouveauMtp
@UPR_Asselineau,2017-04-04T19:32:11Z,"Tous veulent ren√©gocier les trait√©s europ√©ens pour changer l'Europe, sauf que ce n'est pas possible https://t.co/jxHxYDYdB9 #LeGrandDebat",FALSE,NA
@UPR_Asselineau,2017-04-04T19:19:02Z,Les GOPE seront appliqu√©es quel que soit le pr√©sident √©lu #LeGrandDebat https://t.co/J8We5E0fIP,FALSE,NA
@UPR_Asselineau,2017-04-04T18:55:37Z,"RT @RMCinfo: .@dupontaignan @EmmanuelMacron @MLP_officiel @JCheminade @jeanlassalle @FrancoisFillon @n_arthaud @JLMelenchon ""J'ai d√©couvert‚Ä¶",TRUE,RMCinfo
@UPR_Asselineau,2017-04-04T18:55:32Z,"RT @BFMTV: #LeGrandDebat ""Je veux rendre √† la France son ind√©pendance et sa souverainet√©"" dit @UPR_Asselineau

üì∫https://t.co/LIEhlp6yN7 htt‚Ä¶",TRUE,BFMTV
@JCheminade,2017-04-04T22:55:27Z,"RT @LesEchos: Cheminade veut ""retrouver la fraternit√©"" https://t.co/eE8ARtY50B",TRUE,LesEchos
@JCheminade,2017-04-04T22:32:08Z,"#Cheminade #LeGrandDebat
""Si on veut retrouver les jours heureux il faut se lib√©rer de l'occupation financi√®re et culturelle""",FALSE,NA
@JCheminade,2017-04-04T21:32:54Z,RT @Le_Figaro: üî¥ EN DIRECT - J. Cheminade accuse M. Le Pen et E. Macron d'√™tre √† la solde des march√©s financiers. #LeGrandDebat ‚û°Ô∏è https://‚Ä¶,TRUE,Le_Figaro
@JCheminade,2017-04-04T21:11:00Z,"""Contre le #terrorisme, arr√™ter le franc #CFA et lancer le d√©veloppement √©conomique""
https://t.co/7gnn4iv67M #LeGrandDebat",FALSE,NA
@JCheminade,2017-04-04T20:52:34Z,"RT @ParisMatch: #LeGrandD√©bat Cheminade ¬´Il faut arr√™ter la Fran√ßafrique, le franc CFA est un instrument de pillage¬ª https://t.co/RpMiIqF45‚Ä¶",TRUE,ParisMatch
@JCheminade,2017-04-04T20:49:08Z,"RT @lobs: #LeGrandDebat, Jacques Cheminade : ¬´ il faut arr√™ter le franc CFA qui est un instrument de torture ¬ª https://t.co/JMhyvO2uh3 http‚Ä¶",TRUE,lobs
@JCheminade,2017-04-04T20:33:29Z,"#LeGrandDebat 
Pour lutter contre le #terrorisme, il faut arr√™ter la Fran√ßafrique et le franc CFA !! !",FALSE,NA
@JCheminade,2017-04-04T19:55:18Z,Je clashe #Macron et #Le Pen - #LeGrandDebat sur BFMTV https://t.co/YcVFWPTGQs via @YouTube,FALSE,NA
@JCheminade,2017-04-04T19:45:14Z,"@l6anthopro980 @Mrweims #Cheminade = D√©nominateur commun entre #Macron et #LePen : ""Vous n'avez pas combattu les march√©s"" !",FALSE,NA
@JCheminade,2017-04-04T19:37:35Z,"RT @SebDroch: #LeGrandDebat 
De quelle #laicite veut-on parler ? Celle de #Jaures ou celle d'#Hollande et #Valls ? https://t.co/YG843RTt7P",TRUE,SebDroch
@JCheminade,2017-04-04T19:33:57Z,RT @Remilebrun: Cheminade pour ceux qui savent lire https://t.co/aoalsk1T37 #LeGrandDebat,TRUE,Remilebrun
@JCheminade,2017-04-04T19:29:01Z,Le #Travail et la protection sociale sont un droit #Cheminade2017 https://t.co/P6JsAUrfkI,FALSE,NA
@JCheminade,2017-04-04T19:07:24Z,"RT @SebDroch: J'aime une vid√©o @YouTube¬†: ""Comment cr√©er 5M emplois - Cheminade - Grand D√©bat sur BFMTV"" √† l'adresse https://t.co/lAlJWjEZy‚Ä¶",TRUE,SebDroch
@JCheminade,2017-04-04T18:59:43Z,"RT @SebDroch: J'aime une vid√©o @YouTube¬†: ""Cheminade en col√®re - Grand D√©bat sur BFMTV"" √† l'adresse https://t.co/ef07ti03dd.",TRUE,SebDroch
@JCheminade,2017-04-04T18:50:54Z,#Cheminade2017 #LeGrandDebat Je me bats contre cette dictature financi√®re que d√©plorait Fran√ßois Mitterrand pour justifier son impuissance,FALSE,NA
@JCheminade,2017-04-04T18:50:04Z,#Cheminade2017 #LeGrandDebat Je me bats en portant l'arme de ces jours heureux que nous avions √† la Lib√©ration: le cr√©dit public national,FALSE,NA
@JCheminade,2017-04-04T18:48:09Z,"#Cheminade #LeGrandDebat ""Je suis un homme en col√®re. Contre tous ceux qui n'ont pas voulu prendre le taureau financier par les cornes""",FALSE,NA
@jeanlassalle,2017-04-04T23:07:34Z,"RT @WilfriedSerre: #LeGrandD√©bat: La phrase qui a √©t√© la plus dite: ""Comme a dit #jeanlassalle"" !!",TRUE,WilfriedSerre
@jeanlassalle,2017-04-04T23:05:52Z,"RT @TwitterPolFR: üìà Classement des candidats ayant gagn√© le plus de followers pendant #LeGrandD√©bat : 
1‚É£ @PhilippePoutou
2‚É£ @JLMelenchon‚Ä¶",TRUE,TwitterPolFR
@jeanlassalle,2017-04-04T21:37:57Z,"""Voil√†"" #LeGrandDebat",FALSE,NA
@jeanlassalle,2017-04-04T20:44:16Z,"""Je r√©tablis la commune qui est le socle de la relation quasiment charnelle entre l'Homme et le territoire"" #LeGrandDebat",FALSE,NA
@jeanlassalle,2017-04-04T20:38:17Z,"""Un arc √©lectrique s'est instaur√© au dessus de la M√©diterran√©e. Ce que nous faisons dans certains pays a des r√©percutions imm√©diates en üá´üá∑""",FALSE,NA
@jeanlassalle,2017-04-04T20:21:13Z,"""Je retire les arm√©es de tous les th√©√¢tres d'op√©rations et j'engage un grand dessein diplomatique"" #LeGrandDebat",FALSE,NA
@jeanlassalle,2017-04-04T19:53:28Z,"""Je n'organiserai pas de Frexit, les peuples europ√©ens subissent d√©j√† assez de fractures"" #LeGrandD√©bat #LeGrandDebat",FALSE,NA
@jeanlassalle,2017-04-04T19:39:08Z,"Je rappellerai aussi √† nos fr√®res allemands qu'ils b√©n√©ficient de notre √©lectricit√© nucl√©aire sans contre-partie non plus"" #LeGrandDebat",FALSE,NA
@jeanlassalle,2017-04-04T19:36:42Z,"""Je rappellerai aux partenaires europ√©ens que nous assurons la dissuasion nucl√©aire sans demander la moindre  contre-partie"" #LeGrandDebat",FALSE,NA
@jeanlassalle,2017-04-04T19:32:12Z,"""Je ne discuterai qu'avec les chefs d'√âtats au niveau europ√©en. Ce qui n'est pas sans rappeler l'Europe des nations"" #LeGrandDebat",FALSE,NA
@jeanlassalle,2017-04-04T19:17:49Z,"""Je m'appuierai sur la recherche fondamentale pour trouver des solutions sur les nouvelles technologies"" #LeGrandDebat",FALSE,NA
@jeanlassalle,2017-04-04T19:15:49Z,"""Tout ce que nous dirons ce soir ne sert √† rien si nous ne retrouvons pas des marges de man≈ìuvre politiques et financi√®res"" #LeGrandDebat",FALSE,NA
@jeanlassalle,2017-04-04T19:14:10Z,"D√®s le premier √©t√©, je cr√©e 15000 emplois en mobilisant les lyc√©es professionnels, les entreprises et les demandeurs d'emplois #LeGrandDebat",FALSE,NA
@jeanlassalle,2017-04-04T18:55:24Z,"""Je vous propose un avenir bas√© sur l'espoir et sur les grandes bases du vivre ensemble"" #LeGrandDebat",FALSE,NA
@jeanlassalle,2017-04-04T18:52:11Z,"""J'ai √©t√© √† pied √† votre rencontre, je ne supporte plus l'hyst√©rie qui s'est empar√©e de nos vie"" #LeGrandD√©bat",FALSE,NA
@dupontaignan,2017-04-04T22:41:42Z,"""J'aime mon pays, je ne supporte pas de le voir d√©cliner. Je suis convaincu que les Fran√ßais peuvent se rassembler‚Ä¶ https://t.co/OOq2AcDWrh",FALSE,NA
@dupontaignan,2017-04-04T22:36:43Z,"Le vote utile est inutile ! ""Ce ne sont pas ceux qui ont cr√©√© les probl√®mes qui vont les r√©soudre"" #Einstein‚Ä¶ https://t.co/FmPASHK5d2",FALSE,NA
@dupontaignan,2017-04-04T22:35:20Z,"""Avant le vote, demandez vous si ceux qui vous ont fait de belles promesses n'ont pas fait le contraire au pouvoir?‚Ä¶ https://t.co/nlb750Cxz7",FALSE,NA
@dupontaignan,2017-04-04T22:21:26Z,"""Est-ce qu'on peut √™tre concret ce soir ? Car je pense que les Fran√ßais attendent des solutions !"" #LeGrandD√©bat https://t.co/xCwAzlaIPo",FALSE,NA
@dupontaignan,2017-04-04T22:17:27Z,"""Le r√¥le d'un homme d'Etat : prendre de la hauteur pour r√©tablir un √©quilibre dans la soci√©t√©"" #LeGrandD√©bat https://t.co/Iwucs0rMJi",FALSE,NA
@dupontaignan,2017-04-04T22:14:57Z,"""Il est absolument n√©cessaire de ne pas concentrer tout dans les m√©tropoles en laissant crever nos zones rurales !""‚Ä¶ https://t.co/BOYZgWNn5G",FALSE,NA
@dupontaignan,2017-04-04T22:08:46Z,"""Il est n√©cessaire d'uniformiser notre syst√®me social !"" #LeGrandDebat https://t.co/YMJsenznlJ",FALSE,NA
@dupontaignan,2017-04-04T22:06:14Z,"""Il faut faire mieux fonctionner le service public"" #LeGrandDebat https://t.co/Qc0peHZhWf",FALSE,NA
@dupontaignan,2017-04-04T21:59:14Z,"""Si on veut dynamiser la d√©mocratie il faut mettre en place un r√©f√©rendum d'initiative populaire"" #LeGrandDebat https://t.co/USiONX8ydt",FALSE,NA
@dupontaignan,2017-04-04T21:54:13Z,"""C'est vital de prendre en compte la col√®re populaire avec la reconnaissance du vote blanc et le r√©f√©rendum d'initi‚Ä¶ https://t.co/Wb30ZOynir",FALSE,NA
@dupontaignan,2017-04-04T21:42:12Z,"#VoteBlanc ""Je crois qu'il est vital de prendre en compte la col√®re populaire qui s'exprime"" #GrandD√©bat https://t.co/3F05kEZGWn",FALSE,NA
@dupontaignan,2017-04-04T21:40:42Z,"""J'aimerais que tous les candidats s'engagent ce soir sur le d√©bat du 20 avril"" #D√©mocratie #D√©bats #GrandD√©bat https://t.co/32PFoBBioJ",FALSE,NA
@dupontaignan,2017-04-04T20:59:00Z,"""Il n y aura pas de confiance des Fran√ßais sans changement radical. Je veux un casier judiciaire vierge pour tout c‚Ä¶ https://t.co/0T06dIdGkR",FALSE,NA
@dupontaignan,2017-04-04T20:52:04Z,"""Un candidat √† une √©lection doit avoir un casier judiciaire vierge pour se pr√©senter √† une √©lection."" #LeGrandDebat https://t.co/V9cU7vixfI",FALSE,NA
@dupontaignan,2017-04-04T20:48:04Z,"""Il n y aura pas de changement en France, de confiance des Fran√ßais sans changement radical"" #LeGrandDebat https://t.co/XCObESaBPz",FALSE,NA
@dupontaignan,2017-04-04T20:46:44Z,"""J'ai propos√© hier une charte √©thique √† tous les candidats ! Je me suis engag√© sur 10 points pour l'exemplarit√© en‚Ä¶ https://t.co/alZNOfrKHV",FALSE,NA
@dupontaignan,2017-04-04T20:27:25Z,"""Je proposerai aux imams √©trangers une charte en 10 points, s'ils refusent de la signer, nous les expulserons !""‚Ä¶ https://t.co/KHJ2rdskcF",FALSE,NA
@dupontaignan,2017-04-04T20:19:29Z,"""Je serai le Pr√©sident qui remettra les 10 milliards d‚Äôeuros n√©cessaires pour nos arm√©es pour atteindre 2% du PIB""‚Ä¶ https://t.co/2wb9JaW1ci",FALSE,NA
@dupontaignan,2017-04-04T20:12:57Z,"""Je propose d'augmenter de 100 euros les petites retraites en r√©cup√©rant les 8 Mds d'euros vers√©s par an en exc√©den‚Ä¶ https://t.co/rLmDA5YVst",FALSE,NA
@dupontaignan,2017-04-04T19:59:20Z,"""Monsieur Fillon, prenez garde √† ce que d√©cideront les Fran√ßais"" #LeGrandDebat https://t.co/mwEHKEkRZC",FALSE,NA
@dupontaignan,2017-04-04T19:58:35Z,"""Je veux augmenter de 100‚Ç¨ les petites retraites en rapatriant les 8 Mds d'‚Ç¨ que nous versons chaque ann√©e en exc√©d‚Ä¶ https://t.co/JJP33rC5zv",FALSE,NA
@dupontaignan,2017-04-04T19:57:12Z,"""Je suis le seul √† proposer une telle baisse d'imp√¥ts"" #LeGrandDebat https://t.co/siMydguKeT",FALSE,NA
@dupontaignan,2017-04-04T19:56:29Z,"""Je n'ai jamais trahi les id√©aux. Vous avez bafou√© le vote des Fran√ßais en 2005."" #LeGrandDebat https://t.co/Xz7OUvwUKA",FALSE,NA
@dupontaignan,2017-04-04T19:33:59Z,"Rappel √† @EmmanuelMacron : ""Vous avez √©t√© ministre de l'Economie de M. Hollande !"" #LeGrandDebat https://t.co/DkzTP6DrfG",FALSE,NA
@dupontaignan,2017-04-04T19:30:15Z,"""Il faut arr√™ter les politiques de restriction du pouvoir d'achat"" #LeGrandDebat https://t.co/zEZB92nIMZ",FALSE,NA
@dupontaignan,2017-04-04T19:27:54Z,"""D√®s le 1er jour de mon √©lection, je supprimerai la directive travailleurs d√©tach√©s !"" #LeGrandDebat https://t.co/pNREkqizkV",FALSE,NA
@dupontaignan,2017-04-04T19:23:32Z,"""Je veux supprimer la concurrence d√©loyale, offrir un bonus fiscal aux entreprises qui produisent en France et bais‚Ä¶ https://t.co/219tCcVSnN",FALSE,NA
@dupontaignan,2017-04-04T18:59:29Z,"""Il suffit de voir mon parcours pour savoir quel Pr√©sident je serai !"" #LeGrandD√©bat https://t.co/NEVYTU5kCb",FALSE,NA
@dupontaignan,2017-04-04T18:46:42Z,"""J'ai toujours fait passer mes convictions gaullistes et r√©publicaines avant ma carri√®re !"" #LeGrandDebat https://t.co/0l5bQT9fDp",FALSE,NA
@dupontaignan,2017-04-04T18:45:32Z,"""Je suis fier d'avoir redress√© une ville dont les 30.000 habitants m'ont r√©√©lu 3 fois de suite √† pr√®s de 80% des vo‚Ä¶ https://t.co/yKW0q8Ay9n",FALSE,NA
@dupontaignan,2017-04-04T18:44:35Z,"""J'ai toujours servi les Fran√ßais sans jamais me servir"" #LeGrandDebat https://t.co/CRHOM9oMNS",FALSE,NA
@dupontaignan,2017-04-04T18:43:40Z,"""En politique, comme dans la vie il y a ceux qui parlent et ceux qui agissent"" #LeGrandDebat https://t.co/NnNQrvrf91",FALSE,NA
@dupontaignan,2017-04-04T18:42:55Z,"""Les Fran√ßais attendent ce moment de d√©mocratie pour d√©cider qui incarnera la France et pr√©parera l'avenir de nos e‚Ä¶ https://t.co/SGj9MUQP7v",FALSE,NA
@dupontaignan,2017-04-04T18:17:20Z,Je vous propose de me retrouver dans quelques minutes dans #LeGrandDebat sur @BFMTV et @CNEWS ! #NDA2017 https://t.co/0joGzv84rv,FALSE,NA
@n_arthaud,2017-04-04T22:24:45Z,"RT @CNEWS: #LeGrandD√©bat : la conclusion de @n_arthaud, candidate Lutte Ouvri√®re https://t.co/sm0JsDE9rU",TRUE,CNEWS
@n_arthaud,2017-04-04T22:21:53Z,"RT @Europe1: ""J'en appelle √† un vote de dignit√© ouvri√®re"" @n_arthaud #LeGrandDebat https://t.co/fNmJ8xQfRQ https://t.co/e6HA9SUMQH",TRUE,Europe1
@n_arthaud,2017-04-04T22:14:36Z,"RT @BFMTV: Sous Hollande, ""41 milliards avec le pacte de responsabilit√© donn√©s au patronat √† fond perdu"" dit @n_arthaud

üì∫https://t.co/LIEh‚Ä¶",TRUE,BFMTV
@n_arthaud,2017-04-04T22:14:06Z,RT @RMCinfo: .@EmmanuelMacron @MLP_officiel @PhilippePoutou @UPR_Asselineau @dupontaignan @benoithamon @jeanlassalle @JLMelenchon @Francois‚Ä¶,TRUE,RMCinfo
@n_arthaud,2017-04-04T22:11:24Z,"RT @Europe1: .@n_arthaud sur la Guyane : ""Ces luttes collectives c'est la meilleure arme pour que les travailleurs fassent respecter leurs‚Ä¶",TRUE,Europe1
@n_arthaud,2017-04-04T22:11:16Z,RT @RMCinfo: .@EmmanuelMacron @MLP_officiel @PhilippePoutou @UPR_Asselineau @dupontaignan @benoithamon @jeanlassalle @JLMelenchon @Francois‚Ä¶,TRUE,RMCinfo
@n_arthaud,2017-04-04T21:26:58Z,RT @RMCinfo: .@EmmanuelMacron @MLP_officiel @PhilippePoutou @UPR_Asselineau @dupontaignan @benoithamon @jeanlassalle @JLMelenchon @Francois‚Ä¶,TRUE,RMCinfo
@n_arthaud,2017-04-04T21:09:01Z,"RT @BFMTV: #LeGrandDebat ""Quand on est √©lu, on devrait avoir plus de devoirs que les autres"" dit @n_arthaud 

üì∫https://t.co/LIEhlp6yN7 http‚Ä¶",TRUE,BFMTV
@n_arthaud,2017-04-04T21:08:09Z,"RT @BFMTV: #LeGrandDebat ""Vous avez avou√© des erreurs. Pour moins que √ßa, des gens sont mis √† la porte"" dit @n_arthaud

üì∫https://t.co/LIEhl‚Ä¶",TRUE,BFMTV
@n_arthaud,2017-04-04T21:06:29Z,RT @RMCinfo: .@EmmanuelMacron @MLP_officiel @PhilippePoutou @UPR_Asselineau @dupontaignan @benoithamon @jeanlassalle @JLMelenchon @Francois‚Ä¶,TRUE,RMCinfo
@n_arthaud,2017-04-04T21:00:23Z,RT @RMCinfo: .@EmmanuelMacron @MLP_officiel @PhilippePoutou @UPR_Asselineau @dupontaignan @benoithamon @jeanlassalle @JLMelenchon @Francois‚Ä¶,TRUE,RMCinfo
@n_arthaud,2017-04-04T19:52:37Z,"RT @BFMTV: #LeGrandDebat ""Quand on est mal pay√©, que ce soit en Franc ou en Euro, on reste mal pay√©"" dit @n_arthaud

üì∫https://t.co/LIEhlp6y‚Ä¶",TRUE,BFMTV
@n_arthaud,2017-04-04T19:31:03Z,RT @RMCinfo: .@dupontaignan @EmmanuelMacron @MLP_officiel @JCheminade @jeanlassalle @FrancoisFillon @n_arthaud @JLMelenchon @UPR_Asselineau‚Ä¶,TRUE,RMCinfo
@n_arthaud,2017-04-04T19:30:52Z,"RT @BFMTV: #LeGrandDebat ""Je veux un minimum de 1.800 euros pour chaque Fran√ßais"" dit @n_arthaud

üì∫https://t.co/LIEhlp6yN7 https://t.co/YAx‚Ä¶",TRUE,BFMTV
@n_arthaud,2017-04-04T19:30:08Z,"RT @Europe1: ""Je veux faire entendre le camp des travailleurs"" @n_arthaud #LeGrandDebat https://t.co/fNmJ8xQfRQ https://t.co/6BcF6PifVO",TRUE,Europe1
@PhilippePoutou,2017-04-04T22:24:11Z,"Le vote utile, c'est le vote pour le NPA. Un score √©lev√© permettra de redonner confiance aux exploit√©s. #LeGrandDebat #poutou",FALSE,NA
@PhilippePoutou,2017-04-04T22:23:11Z,La #Guyane nous montre que la gr√®ve et la r√©sistance permettent d'agir. #LeGrandDebat,FALSE,NA
@PhilippePoutou,2017-04-04T22:22:30Z,On soutient la lutte du peuple guyanais. Sa lutte est pour nous un exemple qui montre que c'est possible de r√©sister. #LeGrandDebat,FALSE,NA
@PhilippePoutou,2017-04-04T22:21:37Z,"On ne s'adresse pas qu'au Fran√ßais, mais √† l'ensemble de la population. #LeGrandDebat #poutou",FALSE,NA
@PhilippePoutou,2017-04-04T22:11:30Z,#Fillon il parle de la dette mais √ßa l'emp√™che pas de se servir dans les caisses. #LeGrandDebat #poutou,FALSE,NA
@PhilippePoutou,2017-04-04T22:09:50Z,Il faut d√©cr√©ter un √©tat d‚Äôurgence sociale. #LeGrandDebat #poutou https://t.co/FCgQFiexcO,FALSE,NA
@PhilippePoutou,2017-04-04T21:46:52Z,#Fillon parle d‚Äôinterrogatoire. Il a h√¢te de r√©pondre aux juges sur les d√©tournements de fonds ? #LeGrandDebat #poutou,FALSE,NA
@PhilippePoutou,2017-04-04T21:31:50Z,"On profite de la pause : Mercredi 19 avril, meeting r√©gion parisienne aux Docks d'Aubervilliers. Venez nombreuxSES. #LeGrandDebat #poutou",FALSE,NA
@PhilippePoutou,2017-04-04T21:27:44Z,RT @RMCinfo: .@EmmanuelMacron @MLP_officiel @PhilippePoutou @UPR_Asselineau @dupontaignan @benoithamon @jeanlassalle @JLMelenchon @Francois‚Ä¶,TRUE,RMCinfo
@PhilippePoutou,2017-04-04T21:13:36Z,"Il faut une d√©mocratie directe, que la population puisse r√©voquer un √©lu √† tout moment. #LeGrandDebat #poutou https://t.co/uJUIrSGK95",FALSE,NA
@PhilippePoutou,2017-04-04T21:09:41Z,"#Hamon va-t-il chanter ‚Äúla loi travail, c'est d√©gueulasse‚Äù ? #LeGrandDebat #poutou",FALSE,NA
@PhilippePoutou,2017-04-04T20:58:50Z,RT @AirForceSwann: Et @JLMelenchon a applaudi (the grand moment sign√© par @PhilippePoutou) #LeGrandDebat https://t.co/iO6O1XMLrJ,TRUE,AirForceSwann
@PhilippePoutou,2017-04-04T20:57:32Z,"#Macron ancien banquier, conseiller √† l'Elys√©e, ministre‚Ä¶ Et il se pr√©tend ‚Äúhors syst√®me‚Äù. Pfff‚Ä¶ #LeGrandDebat #poutou",FALSE,NA
@PhilippePoutou,2017-04-04T20:51:41Z,#Hamon cite #Arthaud . Va-t-il ensuite enfin quitter le #PS ? #LeGrandDebat #poutou,FALSE,NA
@PhilippePoutou,2017-04-04T20:50:17Z,"RT @lobs: #LeGrandDebat üëäüí¢, Philippe Poutou vient de rhabiller tout le plateau https://t.co/JMhyvO2uh3 https://t.co/v9lnW8t4ak",TRUE,lobs
@PhilippePoutou,2017-04-04T20:47:58Z,Les √©lus auront peut-√™tre envie d'augmenter le SMIC s'ils sont pay√©s au SMIC #LeGrandDebat https://t.co/c9Vuv7E2Pp,FALSE,NA
@PhilippePoutou,2017-04-04T20:46:17Z,"#LePen n'aime pas l'Europe, sauf pour se servir dans ses caisses. #LeGrandDebat #poutou",FALSE,NA
@PhilippePoutou,2017-04-04T20:45:54Z,#Fillon nous explique qu'il faut l'aust√©rit√© alors qu'il pique dans les caisses de l'Etat #LeGrandDebat,FALSE,NA
@PhilippePoutou,2017-04-04T20:44:52Z,‚ÄúC'est pas parce que je n'ai pas de cravate qu'il faut m'interrompre‚Äù #LeGrandDebat #poutou,FALSE,NA
@PhilippePoutou,2017-04-04T20:39:12Z,"RT @gblardone: -R.Elkrief : ""nous allons aborder l'exemplarit√© en politique""

-Fillon et Le Pen : 

#LeGrandDebat https://t.co/e9qHvjs7SX",TRUE,gblardone
@PhilippePoutou,2017-04-04T20:35:24Z,L'exemplarit√© en politique : Ol√© !!! #LeGrandDebat,FALSE,NA
@PhilippePoutou,2017-04-04T20:12:39Z,Arr√™ter les interventions militaires qui aggravent les souffrances et la mis√®re  #LeGrandDebat #poutou https://t.co/bzAg4gARpZ,FALSE,NA
@PhilippePoutou,2017-04-04T20:09:46Z,"Il faut d√©sarmer la police, qui a tu√© Adama Traor√© et viol√© Th√©o. #LeGrandDebat #poutou https://t.co/Wz9tGVx75Y",FALSE,NA
@PhilippePoutou,2017-04-04T20:08:11Z,"Il faut stopper l‚Äô√©tat d‚Äôurgence, qui ne sert qu‚Äô√† r√©primer la population.  #LeGrandDebat #poutou https://t.co/B89BoqwLLs",FALSE,NA
@PhilippePoutou,2017-04-04T19:50:07Z,RT @Ant1Adam: Philippe Poutou : J'en ai marre des √©lus corrompus. Certains vont se reconna√Ætre autour de cette table. #LeGrandDebat https:/‚Ä¶,TRUE,Ant1Adam
@PhilippePoutou,2017-04-04T19:49:49Z,Le vrai professeur tournesol n'est pas complotiste et r√©visionniste. #LeGrandDebat #poutou https://t.co/Dcl66N7hbL,FALSE,NA
@PhilippePoutou,2017-04-04T19:43:19Z,Il faut saisir les banques et cr√©er un monopole public bancaire. #LeGrandDebat #poutou https://t.co/UxMB2XqVQN,FALSE,NA
@PhilippePoutou,2017-04-04T19:41:33Z,"RT @le_gorafi: Effray√© par les propos sur les banques de Philippe Poutou, Emmanuel Macron se r√©fugie entre les deux journalistes animatrice‚Ä¶",TRUE,le_gorafi
@PhilippePoutou,2017-04-04T19:39:28Z,"Il faut abroger les trait√©s europ√©ens, qui organisent l'aust√©rit√© en lien avec les Etats. #LeGrandDebat #poutou https://t.co/RzLoZ1eDre",FALSE,NA
@PhilippePoutou,2017-04-04T19:37:20Z,"A chaque fois qu‚Äôon diminue les cotisations sociales, on casse la S√©cu. #LeGrandDebat #poutou https://t.co/oDre5pfwnu",FALSE,NA
@PhilippePoutou,2017-04-04T19:34:44Z,"La puissance de la France, ce n‚Äôest pas notre truc.
#LeGrandDebat #poutou https://t.co/loklIsmj6s",FALSE,NA
@PhilippePoutou,2017-04-04T19:31:35Z,@JLMelenchon veut la puissance de la Fr‚Ä¶ Les peuples colonis√©s par la France ont bien trop subi cette puissance. #LeGrandDebat  #poutou,FALSE,NA
@PhilippePoutou,2017-04-04T19:23:10Z,"Solidarit√© avec les #travailleursd√©tach√©s. √Ä travail √©gal, salaire √©gal. #LeGrandDebat #poutou",FALSE,NA
@PhilippePoutou,2017-04-04T19:16:46Z,"RT @NPA_officiel: Ok avec @n_arthaud , il faut interdire les licenciements #poutou #LeGrandDebat",TRUE,NPA_officiel
@PhilippePoutou,2017-04-04T19:08:04Z,"RT @Europe1: ""Il faut partager le travail entre toutes et tous"" @PhilippePoutou #LeGrandDebat https://t.co/fNmJ8xQfRQ https://t.co/hP9vkVnU‚Ä¶",TRUE,Europe1
@PhilippePoutou,2017-04-04T19:07:58Z,"RT @BFMTV: #LeGrandDebat ""Il faut reprendre ce que les capitalistes ont piqu√© aux salari√©s"" dit @PhilippePoutou

üì∫https://t.co/LIEhlp6yN7 h‚Ä¶",TRUE,BFMTV
@PhilippePoutou,2017-04-04T19:06:41Z,"RT @BFMTV: #LeGrandDebat @PhilippePoutou pointe ""les politiciens corrompus qui se reconna√Ætront dans la salle"" https://t.co/jQnpTkNIab",TRUE,BFMTV
@PhilippePoutou,2017-04-04T19:05:43Z,"D√©fendre les emplois, √ßa passe par des batailles sociales, comme en Guyane ou chez #velib aujourd'hui. #LeGrandDebat #poutou",FALSE,NA
@PhilippePoutou,2017-04-04T19:04:02Z,"Les actionnaires se gavent, avec 55 milliards de dividendes. #LeGrandDebat #poutou",FALSE,NA
@PhilippePoutou,2017-04-04T19:01:29Z,C'est normal que tout le monde en ait marre des politiciens corrompus‚Ä¶ certains se reconnaitront dans ce cercle  #LeGrandDebat #poutou2017,FALSE,NA
@PhilippePoutou,2017-04-04T19:00:04Z,@FrancoisFillon veut casser encore plus le code du travail.  #LeGrandDebat,FALSE,NA
@PhilippePoutou,2017-04-04T18:56:52Z,Le seul √† avoir un m√©tier normal. Pour exprimer la col√®re contre le capitalsme. #LeGrandDebat #poutou2017,FALSE,NA
@PhilippePoutou,2017-04-04T18:41:46Z,C'est parti #LeGrandDebat,FALSE,NA
